Input,Target,Prediction
ank,अंक,एंक
anka,अंक,अंका
ankit,अंकित,अंकिट
anakon,अंकों,अनाकों
ankhon,अंकों,अंखों
ankon,अंकों,अंकों
angkor,अंकोर,अंगकोर
ankor,अंकोर,एंकोर
angaarak,अंगारक,अंगारक
angarak,अंगारक,अंगरक
angraji,अंग्रज़ी,अंग्रजी
angreji,अंग्रज़ी,अंग्रेजी
angrzi,अंग्रज़ी,अंग्रजी
antah,अंतः,अंताह
antaha,अंतः,अंताहा
antarmukh,अंतर्मुख,अंतरमुख
antmurkh,अंतर्मुख,अंतमूर्ख
antrmukh,अंतर्मुख,अंतरमुख
andrabee,अंद्राबी,अंद्रबी
andrabi,अंद्राबी,अंद्रबी
andha,अंधा,अंधा
andhapan,अंधापन,अंधापन
andheri,अंधेरी,अंधेरी
ambaani,अंबानी,अंबानी
ambani,अंबानी,अंबानी
akram,अकरम,अक्रम
acapulco,अकापुल्को,एकापुलको
akapulko,अकापुल्को,अकापूलकों
akhand,अखंड,अखंड
akhil,अखिल,अखिल
agavai,अगवाई,अगवाई
agvaai,अगवाई,अग्वाई
augustine,अगस्टाइन,ऑगस्टिने
augustustine,अगस्टाइन,ऑगस्टस्टिनन
agsta,अगस्ता,अगस्ता
agusta,अगस्ता,अगुस्ता
augusta,अगस्ता,औगस्ता
agr,अग्र,अग्र
agra,अग्र,अग्रा
achambha,अचंभा,अचंभा
achanbha,अचंभा,अचंभा
achievement,अचीवमेंट,अचिवेमेंट
achivement,अचीवमेंट,एचिवेमेंट
acchi,अच्छी,अच्छी
achchi,अच्छी,अच्छी
achhi,अच्छी,अछीी
achyut,अच्युत,अच्युत
achhanera,अछनेरा,अछानेरा
achnera,अछनेरा,अचनेरा
ajmeedh,अजमीढ़,अजमीद
ajhar,अजहर,अझार
azhar,अजहर,अजार
ajit,अजित,अजीत
agnat,अज्ञात,अग्नत
agyaat,अज्ञात,अज्ञात
agyat,अज्ञात,अज्ञात
atakta,अटकता,अतकता
atkata,अटकता,अटकता
atake,अटके,एटके
atke,अटके,एटके
atwaal,अटवाल,अतवाल
atwal,अटवाल,अतवल
attahasa,अट्टहास,अत्तहासा
atthaas,अट्टहास,अत्थास
atthas,अट्टहास,अत्थास
addon,अड्डों,अद्दों
athak,अथक,अथक
atharv,अथर्व,अथर्व
atharva,अथर्व,अठारवा
adad,अदद,अददद
adaani,अदाणी,अदानी
adani,अदाणी,अदानी
advait,अद्वैत,अद्वैत
adwait,अद्वैत,अद्वैत
advaitvaad,अद्वैतवाद,अद्वैत्वाद
advaitwad,अद्वैतवाद,अद्वैतवाद
adhivas,अधिवास,अधिवास
adhiwas,अधिवास,अधिवास
advivas,अधिवास,अद्विवास
adhiik,अधीक,अधिक
adhik,अधीक,अधिक
adhyayanarat,अध्ययनरत,अध्ययनरत
adhyayanrat,अध्ययनरत,अध्ययनरत
adhyaynrat,अध्ययनरत,अध्ययन्रत
anant,अनंत,अनांत
ananti,अनंती,अनानती
angadh,अनगढ़,अंगाध
angarh,अनगढ़,अंगरह
anchahe,अनचाहे,अंचाहे
anthak,अनथक,अंथक
unthak,अनथक,उंठक
anhoni,अनहोनी,अनहोनी
anaavashyak,अनावश्यक,अनावश्यक
anavashyak,अनावश्यक,अनावश्यक
anavshyak,अनावश्यक,अनावश्यक
anawashyak,अनावश्यक,अनावश्यक
anik,अनिक,अनिक
anishwarvadi,अनीश्वरवादी,अनिश्वर्वादी
anishwarwadi,अनीश्वरवादी,अनिश्वर्वादी
anukoltha,अनुकूलता,अनुकोलता
anukulata,अनुकूलता,अनुकुलता
anukulta,अनुकूलता,अनुकुलता
anuchit,अनुचित,अनुचित
anuprayogi,अनुप्रयोगों,अनुप्रयोगी
anuprayogon,अनुप्रयोगों,अनुप्रयोों
anupryogon,अनुप्रयोगों,अनुप्रयोगों
anureet,अनुरीत,अनुरीत
anurit,अनुरीत,अनुरित
anuthi,अनूठी,अनुथी
anudit,अनूदित,अनुदित
anyaay,अन्याय,अन्या
anyay,अन्याय,अन्यय
anyaya,अन्याय,अन्याय
apnani,अपनानी,अपनननी
aparivartanshali,अपरिवर्तनशील,अपरिवर्तनशाली
aparivartansheel,अपरिवर्तनशील,अपरिवर्तनशीली
aparivartanshil,अपरिवर्तनशील,अपरिवर्तनशील
apariharya,अपरिहार्य,अपरिहार्य
aprihary,अपरिहार्य,अपरिहर्य
apriyary,अपरिहार्य,अप्रियर्य
apavartit,अपवर्तित,अपवर्तित
apvartit,अपवर्तित,अपवर्तित
apvtrit,अपवर्तित,अपवत्रित
apaardarshi,अपारदर्शी,अपारदर्शी
apardarshi,अपारदर्शी,अपरदर्शी
afroj,अफरोज,अफरोज
afroz,अफरोज,अफरोज
africa,अफ्रीका,एफ्रिकाा
abbaasi,अब्बासी,अब्बासी
abbasi,अब्बासी,अब्बासी
abhimat,अभिमत,अभिमत
abhishap,अभिशाप,अभिषप
abhi,अभी,अभी
amjhera,अमझेरा,अमझेरा
amzera,अमझेरा,अमजेरा
amargad,अमरगढ़,अमरगगढ़
amargarh,अमरगढ़,अमरगगढ़
amarpaal,अमरपाल,अमरपाल
amarpal,अमरपाल,अमरपाल
amarohi,अमरोही,अमरोही
amrohi,अमरोही,अमरोही
amaanat,अमानत,अमानत
amanat,अमानत,अमानत
amanth,अमानत,अमंथ
amaanati,अमानती,अमानती
amanathi,अमानती,अमानाथी
amanati,अमानती,अमानती
amavasya,अमावस्या,अमावस्य
amavsya,अमावस्या,अमावस्य
amit,अमित,अमीत
amitao,अमिताव,अमिताओं
amitav,अमिताव,अमितवव
amuk,अमुक,अमुक
amogh,अमोघ,अमोघ
ambani,अम्बानी,अंबानी
ayodhyaanaath,अयोध्यानाथ,अयोध्यानथथाथ
ayodhyanaath,अयोध्यानाथ,अयोध्यनाथ
ayodhyanath,अयोध्यानाथ,अयोध्यनत
ayodhyeanath,अयोध्यानाथ,अयोध्यनतथ
aradas,अरदास,अरदस
ardaas,अरदास,अरदास
ardas,अरदास,अर्दास
arabab,अरबाब,अरबबब
arbab,अरबाब,अरबब
around,अराउंड,आरोंड
arjent,अर्जेंट,आर्जेंट
urgent,अर्जेंट,यूर्जेंट
arth,अर्थ,आर्थ
artha,अर्थ,अर्था
earth,अर्थ,आर्थ
earthquake,अर्थक्वेक,इर्थकककक
arthon,अर्थों,आर्थों
arpit,अर्पित,अर्पिट
aryama,अर्यमा,अर्यमा
aryma,अर्यमा,अर्यमा
arymaa,अर्यमा,अर्यमा
alankaar,अलंकार,अलंकार
alankar,अलंकार,अलंकर
alnkaar,अलंकार,अलंकार
alankaaron,अलंकारों,अलंकारों
alankaron,अलंकारों,अलंकरों
alnkaaron,अलंकारों,अलंकारों
alnkaron,अलंकारों,अलंकरों
alagavavadi,अलगाववादी,अलगाववादी
algavvadi,अलगाववादी,अलगववादी
algavwaadi,अलगाववादी,अलगववादी
alive,अलाइव,एलिवे
alance,अलायंस,एलांस
alayans,अलायंस,अलायंस
aliance,अलायंस,एलियंस
alind,अलिंद,एलिंड
alai,अली,अलाईई
ali,अली,एलीीी
alii,अली,अलीी
alonso,अलोंसो,एलोनसो
aloso,अलोंसो,एलोसो
alphabet,अल्फ़ाबेट,अल्फाबेट
alba,अल्बा,अलबा
avantipur,अवंतिपुर,अवंतिपुर
awantipora,अवंतिपुर,अवंतिपोर
avaru,अवरु,अवरू
avru,अवरु,अवरू
awaru,अवरु,अवारू
avarodhak,अवरोधक,अवरोधक
avrodhak,अवरोधक,अवरोधक
avrodhk,अवरोधक,अवरोधक
avarnata,अवर्णता,अवर्णता
avarnataa,अवर्णता,अवर्णता
avranta,अवर्णता,अवरंता
avashist,अवशिष्ट,अवशिस्त
avshisht,अवशिष्ट,अवशिष्ट
awashist,अवशिष्ट,अवशिस्त
avasthaayen,अवस्थाएं,अवस्थाएं
avsthaen,अवस्थाएं,अवस्थाएं
avsthayen,अवस्थाएं,अवस्थाएं
awasthaen,अवस्थाएं,अवस्थाएं
avi,अवि,एवीीी
avika,अविका,अविका
aviral,अविरल,अविराल
avirl,अविरल,एविरल
avishvaasniy,अविश्वसनीय,अविष्वासनीय
avishvasniy,अविश्वसनीय,अविष्वसनीय
avishvasniya,अविश्वसनीय,अविष्वसनीय
avisvasniya,अविश्वसनीय,अविस्वसनीय
aviva,अवीवा,अविवा
avaigyanic,अवैज्ञानिक,अवैज्ञानिक
avaigyanik,अवैज्ञानिक,अवैग्यानिक
avegyanik,अवैज्ञानिक,अवेग्यानिक
ashaktataa,अशक्तता,अशक्तता
ashktta,अशक्तता,अश्कतता
asharaphi,अशरफी,अशाराफी
ashrafi,अशरफी,अश्रफी
ashariri,अशरीरी,अशरीरी
ashriri,अशरीरी,अश्रीरी
ashrvatath,अश्वत्थ,अश्वतत्थथ
ashvtth,अश्वत्थ,अश्वत्थ
asamaany,असमान्य,असमान्य
asamany,असमान्य,असमान्य
asmanye,असमान्य,असमान्य
asaamnjsy,असामंजस्य,असामंजससी
asamanjasy,असामंजस्य,असमानजस्य
asamanjasya,असामंजस्य,असमंजस्य
asurakshit,असुरक्षित,असुरक्षित
asurkshit,असुरक्षित,असुरक्षित
aset,असेट,असेट
asset,असेट,असेट
asvabhavik,अस्वभाविक,अस्वाभाविक
aswabhavik,अस्वभाविक,अस्वाभाविक
aswbhavik,अस्वभाविक,अस्वभाविक
ahirauli,अहिरौली,अहिरौली
item,आइटम,इटेम
items,आइटम्स,इटेंस
idle,आइडल,इडल
idol,आइडल,इइडोलल
icc,आइसीसी,आईसीसीी
iso,आइसो,इसो
ipc,आईपीसी,आईपीसीी
ipad,आईपैड,आपाद
iris,आईरिस,इरिस
ounce,आउंस,आउंसे
aakaash,आकाश,आकाश
aakash,आकाश,आकाश
aake,आके,आके
aakhet,आखेट,आखेत
akhet,आखेट,अखेत
aagat,आगत,आगत
aagaman,आगमन,आगामन
aagman,आगमन,आग्मान
aagaa,आग़ा,आगा
aagah,आग़ा,आगाह
agha,आग़ा,अघा
aagaashe,आगाशे,आगाशे
aagashe,आगाशे,आगाशे
agashe,आगाशे,अगाशे
aajmaanaa,आजमाना,आजमाना
aajmana,आजमाना,आजमाना
aazmaanaa,आजमाना,आजमाना
aata,आटा,आता
ata,आटा,एटा
atta,आटा,अट्टा
aatmayen,आत्माएं,आत्माएं
atmaen,आत्माएं,अत्माएं
aadaan,आदान,आदान
aadan,आदान,आदान
aadhaarit,आधारित,आधारित
aadharit,आधारित,आधारित
adharit,आधारित,अधारित
aadheen,आधीन,आधीन
aadhin,आधीन,आधिन
aadhunik,आधुनिक,आधुनिक
aanad,आनद,आनाद
aanand,आनद,आनांड
anand,आनद,अनांड
aapka,आपका,आपका
aapkaa,आपका,आपका
aapadaaaen,आपदाएं,आपदाएंें
aapdaein,आपदाएं,आपदाएं
aapdayein,आपदाएं,आपदाएं
aabantit,आबंटित,आबंतित
abantit,आबंटित,अबांतित
aabru,आबरू,आबरू
abaru,आबरू,अबारू
aamdan,आमदन,आमदान
amadan,आमदन,अमादन
aamdani,आमदनी,आमदानी
amadani,आमदनी,अमादनी
aamdi,आमदी,आमदी
amdi,आमदी,आमदी
aamod,आमोद,आमोड़
amod,आमोद,अमोड
aayenge,आयेंगे,आयेंगे
aayojak,आयोजक,आयोजक
ro,आरओ,रो
rp,आरपी,आरपीी
aaraam,आराम,आराम
aaram,आराम,आरम
aram,आराम,अरम
aarushi,आरुषि,आरुषी
arushi,आरुषि,आरुषी
artery,आर्टरी,आर्टरी
order,आर्डर,ऑर्डरर
aary,आर्य,आर्य
aarya,आर्य,आर्य
arya,आर्य,अर्य
aaryika,आर्यिका,आरियका
aryika,आर्यिका,आरियका
aarya,आर्यो,आर्य
arya,आर्यो,अर्य
aryo,आर्यो,आर्यो
aaryan,आर्यों,आर्यान
arya,आर्यों,अर्य
aryon,आर्यों,आर्यों
aalsi,आलसी,आलसी
alasi,आलसी,अलासी
aalochak,आलोचक,आलोचक
alochak,आलोचक,अलोचक
aalochakon,आलोचकों,आलोचकों
alochakon,आलोचकों,अलोचकों
aalha,आल्हा,आल्हा
aalhaa,आल्हा,आल्हा
alha,आल्हा,अल्हा
allah,आल्हा,अल्लह
aawaazen,आवाज़ें,आवाजें
aawajen,आवाज़ें,आवाजें
awaazen,आवाज़ें,अवाजें
awazen,आवाज़ें,अवाजें
aawajon,आवाज़ों,आवाजों
aawazon,आवाज़ों,आवाजों
awaazon,आवाज़ों,अवाजों
awazon,आवाज़ों,अवाजों
aavishakaar,आविष्कार,आविषकार
aavishkaar,आविष्कार,आविष्कार
avishkar,आविष्कार,अविष्कर
aavriti,आवृत्ति,आवृति
aavritti,आवृत्ति,आवृत्ति
avuti,आवृत्ति,अवूति
aavritiyon,आवृत्तियों,आवृतियों
aavrittiyon,आवृत्तियों,आवृत्तियों
avrutiyon,आवृत्तियों,अवृतियों
aashanka,आशंका,आशंका
ashanka,आशंका,अशानका
aashriton,आश्रितों,आश्रीतों
ashriton,आश्रितों,अश्रीतों
aasaan,आसान,आसान
aasan,आसान,आसन
asan,आसान,असन
aastik,आस्तिक,आस्तिक
astik,आस्तिक,आस्तिक
aasteen,आस्तीन,आस्तीन
aastin,आस्तीन,आस्तिन
astin,आस्तीन,एस्टिन
aahnaan,आह्नान,आहननान
aahnan,आह्नान,आहननन
ahyan,आह्नान,अह्यान
england,इंग्लैंड,एंगलांड
engineer,इंजिनियर,एंजीनियर
introduction,इंट्रोडक्शन,इंट्रोडक्शनशन
insurance,इंश्योरेंस,इंसुरंसेंस
ear,इअर,एयर
eyer,इअर,एयर
eon,इआन,योन
iaan,इआन,आईएन
ekattha,इकट्ठा,एकत्था
ikattha,इकट्ठा,इकट्ठा
ekatthi,इकठ्ठी,इकट्ठी
ekthi,इकठ्ठी,एक्ठी
ikatthi,इकठ्ठी,इकट्ठी
ekaee,इकाई,एकाईई
ikai,इकाई,इकाईई
ekaeyon,इकाईयों,एकाएों
ikaiyon,इकाईयों,इकाइयों
ikarion,इकाईयों,इकारियों
economic,इकोनोमिक,एकोनोमिक
ecuador,इक्वाडोर,एकुकडोर
equador,इक्वाडोर,एक्काडोर
equities,इक्विटीज,एक्विटिज
ikvitija,इक्विटीज,इकवितिजा
ijaajat,इजाजत,इजाजत
ijajat,इजाजत,इजजात
inhalation,इनहेलेशन,इन्हालतिशन
inhaletion,इनहेलेशन,इन्हालेशन
ibija,इबीजा,इबिजा
ibiza,इबीजा,इबिजा
imaging,इमेजिंग,इमागिंग
immune,इम्युन,इम्यूने
elaichi,इलाइची,एलाईची
ilaichi,इलाइची,इलाईची
ilayachi,इलाइची,इलायची
ilayichi,इलाइची,इलायिची
elaaj,इलाज,एलाज
ilaaj,इलाज,इलाज
ilaj,इलाज,इलाज
ishaak,इशाक,इशाक
ishaaq,इशाक,इशाक
ishak,इशाक,इशक
ishaara,इशारा,इशारा
ishaaraa,इशारा,इशारा
ishara,इशारा,इशारा
ishita,इशिता,इशिता
isht,इष्ट,इश्ट
isteefe,इस्तीफे,इस्टीफे
istife,इस्तीफे,इस्टिफेफ
ea,ईए,एईएए
ia,ईए,आईएए
eater,ईटर,एटरर
iter,ईटर,इटरर
email,ईमेल,एमैल
emailon,ईमेलों,एमैलों
emelon,ईमेलों,एमेलों
evening,ईवनिंग,एवेनिंग
east,ईष्ट,आस्ट
ishat,ईष्ट,इशात
isht,ईष्ट,इश्ट
isaaiyon,ईसाइयों,इसाइयों
isaiyon,ईसाइयों,इसाइयों
isayiyon,ईसाइयों,इसाइयों
ikhrul,उखरुल,इखरूल
ukhrool,उखरुल,उखरूल
ukhrul,उखरुल,उखरूल
uchhalane,उछालने,उछालने
uchhalne,उछालने,उछालने
ujback,उज़्बेक,उज्बाक
uzbek,उज़्बेक,उज्बेक
uthane,उठने,उठाने
uthne,उठने,उठने
uthaakar,उठाकर,उठाकर
uthakar,उठाकर,उठाकर
uthaapatak,उठापटक,उठापतकतक
uthapatak,उठापटक,उठापतक
uthen,उठें,उठें
udaan,उड़ान,उदान
udan,उड़ान,उड़न
udaanaa,उड़ाना,उदाना
udana,उड़ाना,उड़नाा
udaane,उड़ाने,उड़ाने
udane,उड़ाने,उड़ने
udaanen,उड़ानें,उड़ानें
udanen,उड़ानें,उड़नें
udaanon,उड़ानों,उदानों
udanon,उड़ानों,उदानों
utane,उतने,उतने
utaney,उतने,उतने
utne,उतने,उतने
uttara,उत्तरा,उत्तरा
uttra,उत्तरा,उत्तर
utpan,उत्पन,उत्पान
udant,उदंत,उदांत
udghosh,उदघोष,उद्घोष
udar,उदर,उदार
uda,उदा,उड़ा
udaa,उदा,उड़ा
udakishuganj,उदाकिशुनगंज,उद़किशुगंज
udakishunganj,उदाकिशुनगंज,उदाकिशुंगंजं
unatees,उनतीस,उन्नतीस
untees,उनतीस,उंटीस
uniyal,उनियाल,उनियाल
upadraviyon,उपद्रवियों,उपद्रवियों
updravion,उपद्रवियों,उपद्रवियों
updraviyon,उपद्रवियों,उपद्रवियों
upadravi,उपद्रवी,उपद्रवी
updravi,उपद्रवी,उपद्रवी
upadrawon,उपद्रवों,उपद्रवों
updravon,उपद्रवों,उपद्रवों
upneta,उपनेता,उपनेता
upabhokta,उपभोक्ता,उपभोकता
upbhokta,उपभोक्ता,उपभोकता
uplaksh,उपलक्ष्य,उपलक्ष
uplakshay,उपलक्ष्य,उपलक्षय
uplakshya,उपलक्ष्य,उपलक्ष्य
uplabdh,उपलब्ध,उपलब्ध
uplabdhiyon,उपलब्धियों,उपलब्धियों
uplabdhi,उपलब्धी,उपलब्धि
upakhyaanon,उपाख्यानों,उपख्यानों
upakhyanon,उपाख्यानों,उपख्यानों
ubuntu,उबंटू,उबूनतु
ubaal,उबाल,उबाल
ubal,उबाल,उबाल
ubhaara,उभारा,उभारा
ubhara,उभारा,उभरा
umanath,उमानाथ,उमानाथ
umesh,उमेश,उमेश
urf,उर्फ,यूर्फ
urfa,उर्फ,उर्फा
urff,उर्फ,यूर्फ
urvarakon,उर्वरकों,उर्वारकों
urvarkon,उर्वरकों,उर्वारकों
urwarakon,उर्वरकों,उर्वारकों
urvarata,उर्वरता,उर्वारता
urvarta,उर्वरता,उर्वारता
urwarta,उर्वरता,उर्वारता
ulate,उलटे,उलते
ulte,उलटे,उल्टे
ulahana,उलाहना,उलाहना
ulahna,उलाहना,उलाहना
ulema,उलेमा,उल्लेमा
ulemaon,उलेमाओं,उल्लेमाओं
usak,उसक,उसक
usaki,उसकी,उसकीी
uski,उसकी,उस्की
usmein,उसमें,उस्में
usmen,उसमें,उस्में
usi,उसी,उसीीी
ustara,उस्तरा,उस्तरा
udharv,ऊर्ध्व,उधार्व
udhrva,ऊर्ध्व,उध्रवा
urdhav,ऊर्ध्व,उर्धव
ushma,ऊष्मा,उष्मा
rishicool,ऋषिकुल,रिशिकूल
rishikul,ऋषिकुल,रिशिकुल
rushikul,ऋषिकुल,रुशिकुल
enzyme,एंजाइम,एंज्मेम
anton,एंटोन,अंतों
entone,एंटोन,एंटोन
antoni,एंटोनी,अंतोनी
antony,एंटोनी,एंटोनी
endometrial,एंडोमेट्रियल,एंडोमेट्रियल
andreas,एंड्रियास,एंड्रेस
als,एएलएस,आलस
asi,एएसआई,एसीीी
eksaath,एकसाथ,एक्साथ
eksath,एकसाथ,एक्साथ
ekaki,एकाकी,एकककीी
xm,एक्सएम,सीएसएम
egmor,एगमोर,एगमोरर
egmore,एगमोर,एगमोर
aj,एजे,आज
agende,एजेंडे,अजेंदे
adp,एडीपी,आडपी
adain,एडेन,अडाइन
aden,एडेन,एडेन
edan,एडेन,एडन
addi,एड्डी,आद्दी
eddi,एड्डी,एड्डीीीीी
eddie,एड्डी,एड्डी
eddy,एड्डी,एडीएीी
apj,एपीजे,अपजज
ftii,एफटीआईआई,फ्टीीईीईी
abbott,एबट,अब्बोटट
abut,एबट,अबूट
ebt,एबट,एबीटी
abvp,एबीवीपी,आबवपी
abbot,एबोट,अब्बोट
abbott,एबोट,अब्बोटट
mta,एमटीए,मटा
mtake,एमटेक,मटके
mtec,एमटेक,मेटी
mtech,एमटेक,मेक
emerald,एमरल्ड,एमरल्ड
emrald,एमरल्ड,एमरल्ड
emil,एमिल,एमिल
emile,एमिल,एमीले
emily,एमिल,एमीली
amy,एमी,एमीी
emi,एमी,एमीीीीीी
airway,एयरवे,एयरवे
eyarave,एयरवे,एयरवे
eyarve,एयरवे,एयरवे
error,एरर,एरररर
arica,एरिका,आरिका
erica,एरिका,एरिका
erika,एरिका,एरिका
aerobic,एरोबिक,एयरोबिक
aerobics,एरोबिक,एयरोबिक्स
lte,एलटीई,लटटे
lti,एलटीई,लतीीीीी
allergic,एलर्जिक,एलर्लर्जिक
eliminator,एलिमिनेटर,एलिमिनेटर
aliens,एलियंस,एलिएंस
alliance,एलियंस,एलियंसेंस
asian,एशियन,एसियन
sfc,एसएफसी,ससफीसीी
sk,एसके,सीक
spf,एसपीएफ,ससपीफी
association,एसोसिएशन,एसोसिएशनशन
astar,एस्टर,अस्तर
aster,एस्टर,एस्टरर
ester,एस्टर,एस्टरर
aesthetics,एस्थेटिक,एस्थेटिक्स
asthetic,एस्थेटिक,एस्थेटिक
asfalt,एस्फाल्ट,अस्फलतट
asphalt,एस्फाल्ट,अस्फलत
asphault,एस्फाल्ट,अस्फॉल्ट
ahsaas,एहसास,अहसास
ehsaas,एहसास,एहसास
ehsas,एहसास,एहससस
aisa,एेसा,एसा
eesa,एेसा,एसा
ainth,ऐंठ,ऐंथ
end,ऐंठ,एंड
enth,ऐंठ,एंथ
ainthey,ऐंठे,ऐंथे
enthe,ऐंठे,एंथे
aithan,ऐठन,ऐठन
ethan,ऐठन,इथान
ethhan,ऐठन,इथान
ail,ऐल,ऐल
el,ऐल,एलल
alaps,ऐल्प्स,अलापस
alps,ऐल्प्स,अल्प्स
aise,ऐसे,एसे
oxide,ऑक्साइड,ऑक्सिडड
oxy,ऑक्सी,आॅकीसीीी
offers,ऑफर्स,ऑफर्स
offshor,ऑफशोर,ऑफ्फोरर
offshore,ऑफशोर,ऑफ्फोशोर
official,ऑफिशियल,ऑफिसिइल
okalahoma,ओकलाहोमा,ओकलहोमा
oklahoma,ओकलाहोमा,ओकलहहोमा
oklahoma,ओक्लाहोमा,ओकलहहोमा
ot,ओत,ओट
opel,ओपेल,ओपेल
obrayan,ओब्रायन,ओब्रायन
obrien,ओब्रायन,ओब्रिन
oran,ओरण,ओरान
orian,ओरियन,ओरियन
orion,ओरियन,ओरियन
olavrishti,ओलावृष्टि,ओलावृष्टि
ovum,ओवम,ओवम
owem,ओवम,ओवम
oceanic,ओशनिक,ऑकेनिक
osaka,ओसाका,ओसका
auchity,औचित्य,औचिती
auchitya,औचित्य,औचित्य
audhyogikaran,औद्योगिकरण,औध्योगिकरण
audyogikarana,औद्योगिकरण,औद्योगिकरण
audyogikikaran,औद्योगिकरण,औद्योगिकारणण
aurangabad,औरंगाबाद,औरंगाबाद
aurora,औरोरा,औरोरा
aulakh,औलख,औलख
kankad,कंकड़,कंकड़
kankar,कंकड़,कंकर
kankad,कंकर,कंकड़
kankar,कंकर,कंकर
kangan,कंगन,कंगन
conjunction,कंजंक्शन,कंजंसंशन
contemporary,कंटेम्पररी,कंटेंपोरररी
kanthahar,कंठहार,कंथहर
kanthhar,कंठहार,कंथर
composer,कंपोजर,कमपोसररर
kambalon,कंबलों,कंबालों
kanblon,कंबलों,कांबलों
consultant,कंसलटेंट,कंसुल्टेंटट
kakkad,कक्कड़,कक्कड़
kakkar,कक्कड़,ककककर
kacche,कच्चे,कच्चे
kachche,कच्चे,कच्चे
karta,कटरा,करता
katra,कटरा,कतरा
cutlery,कटलरी,कटलरी
katlari,कटलरी,कटलारी
katlary,कटलरी,कटलरी
katasaraj,कटासराज,कतासराज
kathfodave,कठफोड़वे,कथफोड़वे
kathfodve,कठफोड़वे,कथफोड़वे
kathor,कठोर,कथोर
kathore,कठोर,कथोरे
kanika,कणिका,कानिका
kathai,कत्थई,कथाईई
katthai,कत्थई,कट्ठाई
katthaii,कत्थई,कट्ठाईई
convention,कनवेंशन,कन्वेशन
canals,कनाल,कैनल्स
kanaal,कनाल,कनाल
kanal,कनाल,कनाल
kanindham,कनिंघम,कनिंधम
kaningham,कनिंघम,कनिंघम
kanishthika,कनिष्ठिका,कनिष्ठिका
kanishthikaa,कनिष्ठिका,कनिष्ठिका
kanishtika,कनिष्ठिका,कानिष्टिका
kanyaayen,कन्याएं,कन्याएं
kanyaein,कन्याएं,कन्याएं
kanyayen,कन्याएं,कन्याएं
convention,कन्वेंशन,कन्वेशन
convocation,कन्वोकेशन,कन्वोकेशन
cup,कप,कपप
kap,कप,कप
kapda,कपड़ा,कपड़ा
kpada,कपड़ा,कपाड़ा
kapdo,कपड़ो,कपड़ो
kapdon,कपड़ो,कपड़ों
kaping,कपिंग,कपिंग
kping,कपिंग,कपिंग
kapolkalpana,कपोलकल्पना,कपोलकल्पना
kabaddi,कबड्डी,कबाददी
kabr,कब्र,कबरर
kabra,कब्र,कबरा
kabren,कब्रें,कबरेें
kabron,कब्रों,कबरों
kamjor,कमज़ोर,कमजोरर
kamzor,कमज़ोर,कमजोरर
kamatar,कमतर,कमातर
kamtar,कमतर,कमतर
kalamjeet,कमलजीत,कलामजीत
kamaljeet,कमलजीत,कमलजजीत
kamaauu,कमाऊ,कमाऊू
kamau,कमाऊ,कमाऊ
kamaate,कमाते,कमाते
kamate,कमाते,कमते
kamere,कमेरे,कमेरे
kmere,कमेरे,कमरे
karanj,करंज,करांज
kranj,करंज,क्रांज
karanjiya,करंजिया,करणजीय
kardhe,करघे,कर्धे
karghe,करघे,कर्घे
karachana,करछना,कराचनाा
karchhana,करछना,कर्चनानाा
karna,करना,करनाा
karpatri,करपात्री,करपत्री
karam,करम,करम
karoor,करूर,करूरर
karur,करूर,करूर
karnataka,कर्नाटका,करणातका
karvi,कर्वी,करवीी
kurvi,कर्वी,कुर्वी
kalmein,कलमें,कलममें
kalmen,कलमें,कलमें
kalraj,कलराज,कलराज
kalika,कलिका,कालिका
kalpanaon,कल्पनाओं,कल्पनाओं
kalpnaon,कल्पनाओं,कल्पनाओं
kavvaliyon,कव्वालियों,कवववालियोंं
qawwaliyon,कव्वालियों,काववालियोंं
kavvali,कव्वाली,कवववाली
qawwali,कव्वाली,काववाली
kashton,कष्टों,काष्टों
kasarat,कसरत,कसरत
kasrat,कसरत,कसरत
kasara,कसारा,कसरा
kasida,कसीदा,कसीदा
kahane,कहने,कहने
kahne,कहने,कहने
kahlaya,कहलाया,कहलाया
kahaniyon,कहानियों,कहानियों
kile,क़िले,किले
kanji,कांजी,कांजीी
cant,कांट,कैंट
kant,कांट,कंट
kanti,कांति,कंटी
kakoo,काकू,काकू
kaku,काकू,काकू
kaagaj,कागज़,कागजज
kaagaz,कागज़,कागजज
kagaj,कागज़,कागज
kagaz,कागज़,कागज
kaaji,काजी,काजीीी
kaji,काजी,कजजीीीी
kazi,काजी,काजीीी
qazi,काजी,काजीीीी
kajoo,काजू,कजजूू
kaju,काजू,कजजू
kapadi,कापड़ी,कपड़ीीी
kapdi,कापड़ी,कपड़ीीी
kamraj,कामराज,कमराज
kamottejana,कामोत्तेजना,कमोत्तेजना
kamottejna,कामोत्तेजना,कमोत्तेना
kailana,कायलाना,कैलना
kaylana,कायलाना,कायलना
carfi,कार्की,कार्फी
karki,कार्की,कर्की
kartik,कार्तिक,कार्टिक
karyakartaon,कार्यकर्ताओं,कार्यकर्ताओं
karykartaaon,कार्यकर्ताओं,कार्यकर्ताओं
karykartaon,कार्यकर्ताओं,कार्यकर्ताओं
karyabhar,कार्यभार,कर्यभार
karybhar,कार्यभार,कर्यभरर
karyarat,कार्यरत,कार्यारत
karyrat,कार्यरत,कार्यात
kaalpi,कालपी,कालपी
kalapi,कालपी,कलापी
kalpi,कालपी,कालपी
kalika,कालिका,कालिका
kalighat,कालीघाट,कललिघाट
coldvel,काल्डवेल,कॉल्डवेल
kaldvel,काल्डवेल,काल्डवेल
kaldwell,काल्डवेल,काल्डवेल
kaav,काव,काव
kav,काव,काव
kaasht,काश्त,काष्ट
kasht,काश्त,काष्ट
kasim,कासिम,कासिम
qasim,कासिम,कासिम
kasimabad,कासिमाबाद,कसीमाबाद
kiya,किया,किया
kiliyan,किलियन,किलियां
killat,किल्लत,किल्लत
killi,किल्ली,किली
kisaani,किसानी,किसानी
kisani,किसानी,किसनी
kisanon,किसानों,किसनों
keede,कीड़े,कीड़े
kide,कीड़े,किडे
keynote,कीनोट,केनोटे
kinote,कीनोट,किनोटे
kiratpur,कीरतपुर,किरतपुर
kundal,कुंडल,कुंडल
kundaliya,कुंडलियाँ,कुंडलिया
kundaliyan,कुंडलियाँ,कुंडलियां
kutta,कुत्ता,कुट्टा
kuposhit,कुपोषित,कुपोषित
kumau,कुमाऊ,कुमाऊ
kumavat,कुमावत,कुमावट
kumawat,कुमावत,कुमावट
kural,कुराल,कुराल
kurmi,कुर्मी,कुर्मी
kursiyon,कुर्सियों,कुरसियों
kush,कुश,कुश
kushaan,कुषाण,कुशान
kushan,कुषाण,कुशन
kusumalataa,कुसुमलता,कुसुमलता
kusumalta,कुसुमलता,कुसुमालता
kusumlata,कुसुमलता,कुसुमलता
koot,कूट,कूट
kut,कूट,कुट
kritika,कृतिका,कृतिका
kpo,केपीओ,कपो
canterbari,कैंटरबरी,कैंटरबारी
canterbury,कैंटरबरी,कैंटरबर्य
candidate,कैंडिडेट,कैंडिडाइटट
katrina,कैटरीना,कतरिना
caitlyn,कैटलिन,कैटलिन
cateline,कैटलिन,कैटेलिन
catlin,कैटलिन,कैटलिन
cadmium,कैडमियम,कैडमियम
catholic,कैथोलिक,कैथलिक
catholicon,कैथोलिकों,कैथलिकों
kaetholikon,कैथोलिकों,कैथोलिकोंों
capacitor,कैपेसिटर,कैपैसिटरर
carat,कैरेट,करात
cavity,कैविटी,कैविटी
cavalry,कैवेलरी,कैवालरी
kaivelari,कैवेलरी,कैवेलरी
complex,कॉम्प्लेक्स,कमप्लेक्स
kocchi,कोच्चि,कोची
kochi,कोच्चि,कोची
corridor,कोरिडोर,कॉरिडोरर
corolla,कोरोला,कोरोला
korola,कोरोला,कोरोला
caolan,कोलन,कॉलन
colan,कोलन,कोलन
colon,कोलन,कोलों
calling,कोलिंग,कैलिंग
koling,कोलिंग,कोलिंग
colorado,कोलोराडो,कोलोडोों
kolorado,कोलोराडो,कोलोराडो
kaushal,कौशल,कौशल
kaushalata,कौशलता,कौशलता
kaushalta,कौशलता,कौशलता
kaushambi,कौशाम्बी,कौशमबी
cute,क्यूट,कटट
quete,क्यूट,क्वेट
cube,क्यूब,कबबे
cubeck,क्यूबेक,कबबेक
quebec,क्यूबेक,क्वेबेकस
cubes,क्यूब्स,कबबेस
krantiyon,क्रांतियों,क्रांतियों
cric,क्रिक,क्रिकस
crick,क्रिक,क्रिक
cricket,क्रिकेट,क्रिकटट
cricketer,क्रिकेटर,क्रिकेटरर
cricketing,क्रिकेटिंग,क्रिकेटिंग
kriyayog,क्रियायोग,क्रियोग
christian,क्रिश्चयन,र्रिस्टियन
kruger,क्रूगर,क्रूजररर
craig,क्रेग,क्रैग
creg,क्रेग,क्रेग
cradle,क्रैडल,क्राडल
chrom,क्रोम,र्ोम
chrome,क्रोम,क्रोम
client,क्लांइट,क्लाइंट
clock,क्लाक,क्लोकक
clasen,क्लासें,क्लेसन
classen,क्लासें,क्लासें
classon,क्लासों,क्लासों
clay,क्ले,क्ले
claris,क्लेरिस,क्लारिस
cleris,क्लेरिस,क्लरिस
clerys,क्लेरिस,क्लर्स
quantico,क्वांटिको,क्वांटिको
queens,क्वींस,क्विंस
kshitij,क्षितिज,क्षितिज
shitij,क्षितिज,शितिज
kshin,क्षीण,क्षिण
shin,क्षीण,शिन
kshetron,क्षेत्रों,क्षेत्रों
shetron,क्षेत्रों,शेत्रों
khand,खंडा,खंड
khanda,खंडा,खंडा
khachakhach,खचाखच,खचाचाचाछ
khajarana,खजराना,खजारना
khajraana,खजराना,खजराना
khajrana,खजराना,खजराना
khatakati,खटकती,खतकती
khatakti,खटकती,खतकती
kihatkati,खटकती,किहतकतती
khattapan,खट्टापन,खत्तापन
khat,खत,खात
khani,खनि,खानी
khanik,खनिक,खानिक
khanikarm,खनिकर्म,खनीकर्म
khanikarma,खनिकर्म,खानीकर्मा
khanikarmi,खनिकर्म,खानीकार्मी
khapat,खपत,खपट
khariya,खरिया,खरीया
khalnayak,खलनायक,खलनायक
khaaskar,ख़ासकर,खासकर
khaskar,ख़ासकर,खासकर
khaastaur,ख़ासतौर,खास्तौर
khastaur,ख़ासतौर,खस्तौर
khaibar,ख़ैबर,खैबर
khyber,ख़ैबर,खाइबरर
khaein,खाएं,खाएं
khaen,खाएं,खाएं
khayen,खाएं,खाएं
khaate,खाते,खाते
khaatey,खाते,खाते
khate,खाते,खाते
khal,खाल,खाल
khinchakar,खिंचकर,खिंचकर
khinchkar,खिंचकर,खिंचकर
khilana,खिलाना,खिलना
khinchkar,खींचकर,खिंचकर
khuda,खुदा,खुड़ा
khudai,खुदाई,खुड़ाई
khurapka,खुरपका,खुरापका
khurpaka,खुरपका,खुरपका
khurasan,खुरासान,खुरासन
khushiyan,खुशियां,खुशियां
khene,खेने,खेने
khaini,खैनी,खैनीी
khairati,खैराती,खैरती
khoikhoi,खोईखोई,खोइखोई
khoya,खोया,खोया
gangrel,गंगरेल,गंग्रेल
gangaajal,गंगाजल,गंगाजल
gangajal,गंगाजल,गंगाजल
gandaki,गंडकी,गंदकी
gandki,गंडकी,गंदकी
gandh,गंध,गंध
gandha,गंध,गंधा
gae,गए,गाई
gaye,गए,गाए
gajara,गजरा,गजरा
gajra,गजरा,गजरा
gadkar,गडकर,गदकरर
ganapati,गणपति,गणपती
ganpati,गणपति,गणपती
gatisheel,गतिशील,गतिशील
gatishil,गतिशील,गतिशील
gatishilata,गतिशीलता,गतिशिलता
gadadhar,गदाधर,गद़ाधर
gammat,गम्मत,गममत
gaya,गया,गाया
garibi,गरीबी,गरीबी
garjana,गर्जना,गर्जना
galgand,गलगंड,गालगंड
gahmagahmi,गहमागहमी,गहमागहमी
gemhagehmi,गहमागहमी,गेमहागहमी
ganguly,गांगुली,गंगुली
gaanth,गांठ,गांथ
ganth,गांठ,गंथ
gaanthe,गांठे,गांठे
ganthe,गांठे,गंठे
ganthen,गांठें,गंथें
ganthon,गांठों,गंथों
gaen,गाएं,गाएं
gayen,गाएं,गाएं
gazi,गाज़ी,गाजीीी
gajipur,गाजीपुर,गजीपुर
gazipur,गाजीपुर,गजीपुर
gayatri,गायत्री,गायत्री
gayitri,गायत्री,गायत्री
gaytri,गायत्री,गायत्री
gidgidate,गिड़गिड़ाते,गिडगिड़ते
ginate,गिनते,गिनते
ginte,गिनते,गिंते
girkar,गिरकर,गिरकर
girijaghar,गिरजाघर,गिरिजाघर
girjaghar,गिरजाघर,गिरजाघरर
girijagharon,गिरजाघरों,गिरिजाघरोंों
girjagharon,गिरजाघरों,गिरजाघरों
girati,गिरती,गिरती
girti,गिरती,गिरती
girish,गिरीश,गिरीश
guan,गुआन,गुआन
gujar,गुजार,गुजरर
gujarata,गुजारता,गुजरता
gujarta,गुजारता,गुजरता
gujarate,गुजारते,गुजराते
gujarte,गुजारते,गुजरते
gujarana,गुजारना,गुजरना
gujarna,गुजारना,गुजरना
gujara,गुजारा,गुजरा
gujare,गुजारे,गुजरे
gutta,गुट्टा,गुत्ता
gthalidar,गुठलीदार,गठलीदार
guthalidar,गुठलीदार,गुथालीदार
gudna,गुदना,गुड़ना
gumaan,गुमान,गुमान
guman,गुमान,गुमान
gulshan,गुलशन,गुलशन
gunga,गूंगा,गुंगा
grihnagar,गृहनगर,गृहणागरर
gruhnagar,गृहनगर,गृहणागरर
galaxion,गैलेक्सियों,गालकक्शन
galaxiyon,गैलेक्सियों,गलाक्सियों
galaxyon,गैलेक्सियों,गललक्सियों
gochar,गोचर,गोचर
gouchar,गोचर,गौचर
godara,गोदारा,गोदरा
gopichand,गोपीचंद,गोपिचंद
gomake,गोमके,गोमके
gomke,गोमके,गोमके
goel,गोयल,गोल
goyal,गोयल,गोयाल
gosvaami,गोस्वामी,गोस्वामी
gosvami,गोस्वामी,गोस्वामी
goswami,गोस्वामी,गोस्वामी
gaumukh,गौमुख,गौमुख
gomukh,गौमुख,गोमुखख
gaumutr,गौमूत्र,गौमुत्र
gaumutra,गौमूत्र,गौमुत्र
gowmutra,गौमूत्र,गोमुत्र
granthiyaan,ग्रंथियां,ग्रांथियां
granthiyan,ग्रंथियां,ग्रांथियां
grandhiyon,ग्रंथियों,ग्रांधियों
granthiyon,ग्रंथियों,ग्रांथियों
greest,ग्रीस्ट,ग्रीस्ट
greist,ग्रीस्ट,ग्रेस्ट
grist,ग्रीस्ट,ग्रिस्ट
greg,ग्रेग,ग्रेग
granite,ग्रेनाइट,ग्रानीटे
grenite,ग्रेनाइट,ग्रेनिट
grandson,ग्रैंडसन,ग्रांडसन
gross,ग्रॉस,ग्रॉस
ghataatop,घटाटोप,घटातोप
ghatatop,घटाटोप,घटटोप
ghataayaa,घटाया,घटाया
ghataya,घटाया,घटाया
ghanakar,घनाकार,घनाकर
ghabrahat,घबराहट,घबरहहत
ghasi,घासी,घासीी
ghisai,घिसाई,घिसाईई
ghisi,घिसी,घिसीी
ghise,घिसे,घिसे
ghumakkadi,घुमक्कड़ी,घुमाककाड़ी
ghumakkdi,घुमक्कड़ी,घुमाककड़ी
ghumakkadon,घुमक्कड़ों,घुमाककाों
ghumakkaron,घुमक्कड़ों,घुमाककारों
ghumakkdon,घुमक्कड़ों,घुमाककड़ों
ghummakkadon,घुमक्कड़ों,घुम्मककाोंों
ghumaan,घुमाण,घुमान
ghuman,घुमाण,घुमान
ghoonsa,घूंसा,घूंसा
ghunsa,घूंसा,घुनसा
ghongha,घोंघा,घोंघा
ghontane,घोंटने,घोंटने
ghontne,घोंटने,घोंटने
ghot,घोट,घोट
ghodi,घोड़ी,घोड़ी
ghost,घोस्ट,घोस्ट
changul,चंगुल,चंगुल
chand,चंद,चांड
chandan,चंदन,चंदन
chandana,चंदन,चंदनाा
chandu,चंदू,चंदू
chandon,चंदों,चंंडों
chandrabali,चंद्रबली,चंद्रबाली
chandramaon,चंद्रमाओं,चंद्रमाओं
chakatte,चकत्ते,चकतते
chaktte,चकत्ते,चकतते
chakkar,चक्कर,चक्कर
chkkar,चक्कर,चकककर
chakshu,चक्षु,चक्षु
chatagaon,चटगांव,चटागाओं
chatgaon,चटगांव,चटगाओं
chadhane,चढ़ने,चढ़ाने
chadhne,चढ़ने,चढ़ने
chaturdik,चतुर्दिक,चतुर्डिक
chatunshkoniy,चतुष्कोणीय,चटुनसककोंियों
chatushkoniy,चतुष्कोणीय,चटुशकोंीय
chatushkoniya,चतुष्कोणीय,चटुशककोंिया
channa,चन्ना,चानना
chabate,चबाते,चबाते
chabutare,चबूतरे,चबूतरे
chabutre,चबूतरे,चबुत्रे
chamakna,चमकना,चमकना
chamkana,चमकना,चमकना
charas,चरस,चरस
charit,चरित,चरित
charcha,चर्चा,चर्चा
churcha,चर्चा,चुर्चा
charchaon,चर्चाओं,चर्चाओं
chalenge,चलेंगे,चलेंगे
chlenge,चलेंगे,च्लेंगे
chahunaur,चहुंओर,चाहुनौर
chahunor,चहुंओर,चाहुनोर
chanval,चांवल,चानवाल
chanwal,चांवल,चानवाल
chachaji,चाचाजी,चचाजीी
chadar,चादर,चादर
chadaron,चादरों,चड़ारों
chadron,चादरों,चड़रों
chan,चान,चान
chanan,चानन,चानन
chaplusi,चापलूसी,चपलुसी
chayal,चायल,चययल
char,चार,चार
charon,चारों,चरों
charge,चार्ज,चर्जे
chart,चार्ट,चार्ट
charton,चार्टों,चरतों
charts,चार्ट्स,चर्ट्स
chaalit,चालित,चालित
chalit,चालित,चललित
chikitsak,चिकित्सक,चिकित्सक
chikitsakon,चिकित्सकों,चिकित्सकों
chikhali,चिखली,चिखली
chiththi,चिट्ठी,चिठती
chitthi,चिट्ठी,चित्थी
chithhi,चिठ्ठी,चिठी
chiththi,चिठ्ठी,चिठती
chitthi,चिठ्ठी,चित्थी
chidchidapan,चिडचिडापन,चिड़चिड़ापन
chidchidapan,चिड़चिड़ापन,चिड़चिड़ापन
chidhate,चिढ़ते,चिढ़ते
chidhte,चिढ़ते,चिढ़ते
chithrkar,चित्रकार,चित्रकरर
chitrkar,चित्रकार,चित्कररर
chipakane,चिपकने,चिपकने
chipakne,चिपकने,चिपकने
chipkane,चिपकने,चिपकने
chimati,चिमटी,चिमती
chimti,चिमटी,चिमती
chillane,चिल्लाने,चिलनेे
chee,ची,ची
chi,ची,ची
chuka,चुका,चुका
chune,चुने,चूने
chunar,चूनर,चुनार
changed,चेंज्ड,चांगेद
chetti,चेट्टी,चेतती
chennai,चेन्नई,चेननाईई
chero,चेरो,चेरो
chest,चेस्ट,चेस्ट
championship,चैंपियनशिप,चंपियोशीपी
chor,चोर,चोर
choro,चोरों,चोरो
choron,चोरों,चोरों
chauk,चौक,चौक
chowk,चौक,चोक
chauka,चौका,चौका
chuka,चौका,चुका
chaukiyan,चौकियां,चौकियां
chauki,चौकी,चौकी
chaukhate,चौखटे,चौखते
chauguni,चौगुनी,चौगुनी
chauda,चौड़ा,चौड़ा
chaudah,चौड़ा,चौड़ह
chaudahavan,चौदहवां,चौदहावन
chaudhavan,चौदहवां,चौढ़वान
chaudhawan,चौदहवां,चौढ़वान
chaupati,चौपाटी,चौपती
chupaty,चौपाटी,चुपात्य
chaupal,चौपाल,चौपाल
chaurai,चौरई,चौराई
chausinga,चौसिंगा,चौसिंगा
chausingha,चौसिंगा,चौसिंहा
chhagan,छगन,छगन
chhabi,छबि,छबीीी
chhalla,छल्ला,छललला
chhallaa,छल्ला,छलला
chhaviyaan,छवियाँ,छवियां
chhaviyan,छवियाँ,छवियां
chhavi,छवी,छवीीी
cheh,छह,चेह
chhah,छह,छाह
chehon,छहों,चेहों
chhahon,छहों,छहों
chhai,छाई,छाई
chhagla,छागला,छगला
chhajan,छाजन,छजान
chhaati,छाती,छाती
chhati,छाती,छती
chhaapemaar,छापेमार,छापेमार
chhapemar,छापेमार,छपेमार
chheenk,छींक,छींक
chhink,छींक,छिंक
chink,छींक,चिंक
chenkein,छींके,चेंकें
chhekein,छींके,छेकें
chhinke,छींके,छिंके
chhinky,छींके,छिंकी
chinke,छींके,चिंके
chhudaane,छुडाने,छुड़ाने
chhudane,छुडाने,छुड़ने
chhupakar,छुपकर,छुपकार
chhupkar,छुपकर,छुपकार
chhupkr,छुपकर,छुपकक
chhupata,छुपता,छुपता
chhupta,छुपता,छुप्ता
chhuptaa,छुपता,छुप्ता
chhura,छुरा,छुरा
chhuraa,छुरा,छुरा
chhuree,छुरी,छुरी
chhuri,छुरी,छुरी
chhure,छुरे,छुरे
chhootane,छूटने,छूटने
chhutane,छूटने,छुटने
chhutne,छूटने,छुटने
chheter,छेत्र,छेटर
chhetr,छेत्र,छेत्र
chhetter,छेत्र,छेटरर
chhetri,छेत्री,छेत्री
chhetthari,छेत्री,छेत्थारी
chhetthri,छेत्री,छेत्थरी
chai,छै,चाई
chhai,छै,छाई
chhe,छै,छे
jagaega,जगाएगा,जगागाा
jagayega,जगाएगा,जगाएगा
jaghaega,जगाएगा,जघाईगा
jgaayega,जगाएगा,जगाएगा
jgayegaa,जगाएगा,जगयेगा
jajaon,जजों,जजाओं
jajon,जजों,जजजों
jad,जड़,जाद
jadd,जड़,जाद्द
jaddit,जड़ित,जड़दित
jadeite,जड़ित,जड़ेते
jadet,जड़ित,जादेत
jadit,जड़ित,जादित
jadein,जड़ें,जड़ें
jaden,जड़ें,जड़ें
jatara,जतरा,जातरा
jatra,जतरा,जात्र
jataati,जताती,जताती
jatatee,जताती,जटती
jatati,जताती,जततती
janagananaa,जनगणना,जनगनानाना
janaganna,जनगणना,जनगननननन
jangadnaa,जनगणना,जंगादना
janganana,जनगणना,जंगननाना
janganna,जनगणना,जंगननना
janajagran,जनजागरण,जनजाग्रण
janjaagran,जनजागरण,जनजाग्रण
janjagran,जनजागरण,जनजाग्रण
january,जनवरी,जनुर्य
janahaani,जनहानि,जनहानी
janahani,जनहानि,जनहानी
janhaani,जनहानि,जनहानी
janhani,जनहानि,जनहानी
jnhaani,जनहानि,जनहानी
jamaate,जमाती,जमाते
jamaati,जमाती,जमाती
jamati,जमाती,जमती
jamaaya,जमाया,जमाया
jamaeya,जमाया,जमाईया
jamaya,जमाया,जमाया
jamayaa,जमाया,जमाया
jamuai,जमुई,जमुईईईई
jamuei,जमुई,जमुएई
jamui,जमुई,जममूई
jai,जय,जाई
jay,जय,जाय
jaidayal,जयदयाल,जैदाल
jayadayal,जयदयाल,जयादयल
jaydayal,जयदयाल,जयदायल
jaibaan,जयबाण,जैबान
jaiban,जयबाण,जैबन
jaybaan,जयबाण,जयबान
jayalalita,जयललिता,जयलललिता
jayalalitaa,जयललिता,जयललिता
jayalalithaa,जयललिता,जयललिथाा
jaylalita,जयललिता,जयललिता
jarakh,जरख,जरख
zarakh,जरख,जरख
jarda,जर्दा,जरदा
jardaa,जर्दा,जरदा
zarda,जर्दा,जरदा
jalagati,जलगति,जलगाती
jalgati,जलगति,जलगगती
jalgti,जलगति,जलगती
jalte,जलते,जलते
jalbharav,जलभराव,जलभारव
jalbhraav,जलभराव,जलभराव
jalbhrav,जलभराव,जलभररव
jalvaayu,जलवायु,जलवायु
jalvayu,जलवायु,जलवायु
jalesar,जलेसर,जलेसरर
jasmeet,जसमीत,जस्मीत
jasmit,जसमीत,जस्मित
jassee,जस्सी,जसीी
jassi,जस्सी,जासी
jamaanaa,ज़माना,जमाना
jamana,ज़माना,जमाना
zamaanaa,ज़माना,जमाना
zamana,ज़माना,जमाना
jaljale,ज़लज़ले,जलजले
zalzale,ज़लज़ले,जलजले
zee,ज़ी,जी
jubaan,ज़ुबान,जुबान
juban,ज़ुबान,जूबन
zuban,ज़ुबान,जुबान
jaanch,जाँच,जांच
jaaunch,जाँच,जाऊंच
janch,जाँच,जांच
jaunch,जाँच,जौंच
jaagriti,जागृति,जाग्री
jagriti,जागृति,जगरीति
jagruti,जागृति,जगरूति
jajamau,जाजमऊ,जजमाऊ
jajmau,जाजमऊ,जजमाऊ
jajmauu,जाजमऊ,जजमाऊ
jaat,जात,जात
jat,जात,जात
jaatak,जातक,जातक
jatak,जातक,जटक
jaatakon,जातकों,जातकों
jaatkon,जातकों,जातकों
jatakon,जातकों,जटकों
jaatiyon,जातियों,जातियों
jatiyon,जातियों,जातियों
jaankaaron,जानकारों,जानकारों
jaankaron,जानकारों,जानकरों
jankaron,जानकारों,जनकरों
jaanam,जानम,जानम
janam,जानम,जनाम
jaayke,जायके,जायके
jayke,जायके,जायके
jaawar,जावर,जावर
zawar,जावर,जवार
jing,जिंग,जिंग
gin,जिन,गीन
jeen,जिन,जीन
jin,जिन,जीन
ginee,जिनी,गिनी
jinee,जिनी,जिनी
jini,जिनी,जिनी
geneva,जिनीवा,जेनेवा
jeneva,जिनीवा,जेनेवा
jiniva,जिनीवा,जिनिवा
gypsy,जिप्सी,जिप्सी
jimme,जिम्मे,जिममे
jiya,जिया,जिया
gic,जीआईसी,जिकस
gr,जीआर,ग्र
gm,जीएम,एमएमी
gsm,जीएसएम,एजसीएम
gtod,जीतोड़,ग्टोड
gtor,जीतोड़,ग्टोर
jeetod,जीतोड़,जीतोड़
jitod,जीतोड़,जितोड़
jean,जीन,जीन
jeen,जीन,जीन
jin,जीन,जीन
jeenon,जीनों,जीनों
jinon,जीनों,जिनों
jeepney,जीपनी,जीपने
jipani,जीपनी,जिपनी
jeeyo,जीयो,जीयो
jio,जीयो,जियो
jiyo,जीयो,जियो
jeera,जीरा,जीरा
jira,जीरा,जीरा
jeevant,जीवंत,जीवंत
jivant,जीवंत,जीवंत
jeevan,जीवन,जीवन
jeewan,जीवन,जीवन
jivan,जीवन,जीवन
jiwan,जीवन,जीवन
jeevanshaili,जीवनशैली,जीवनशाली
jivanshaili,जीवनशैली,जिवंशाली
jeevniyaan,जीवनियां,जीवनियां
jivaniya,जीवनियां,जिवनिया
jivaniyaan,जीवनियां,जीवनियां
jivaniyan,जीवनियां,जिवनियां
jeevraaj,जीवराज,जीवराज
jivraj,जीवराज,जिवराज
jua,जुए,जुआ
jue,जुए,जू
juye,जुए,जुए
jutee,जुटी,जूती
juti,जुटी,जूती
judaai,जुड़ाई,जुड़ाई
judae,जुड़ाई,जुड़ाई
judai,जुड़ाई,जुड़ईई
judaai,जुदाई,जुड़ाई
judai,जुदाई,जुड़ईईई
junoon,जुनून,जूनूनन
junun,जुनून,जुनुन
junooni,जुनूनी,जुनूनी
jununi,जुनूनी,जुनुनी
jubair,जुबेर,जुबैर
juber,जुबेर,जुबरर
zubair,जुबेर,जुबैर
juraab,जुराब,जुराब
jurab,जुराब,जुराब
julaahon,जुलाहों,जुलाहोंों
julahon,जुलाहों,जुलहहों
julmon,जुल्मों,जुलमों
zulmon,जुल्मों,जुलमों
jood,जूड,जूड
jud,जूड,जुड
junagadh,जूनागढ,जुनागढ़ा
junagarh,जूनागढ,जुनागढ़
junior,जूनियर,जुनियर
jealous,जूलूस,जीलोस
juloos,जूलूस,जुलूस
julus,जूलूस,जुलुस
jetha,जेठा,जेथा
jenner,जेनर,जेनेर
generic,जेनरिक,जेनरीक
jenrick,जेनरिक,जेनरिकक
generat,जेनरेट,जेनराटट
generate,जेनरेट,जेनराटेटेट
jenee,जेनी,जेनी
jenni,जेनी,जेननी
jenny,जेनी,जेननी
james,जेम्स,जमेस
jeremy,जेरेमी,जरेमी
gerome,जेरोम,जरोमे
jerome,जेरोम,जरोमे
jacks,जैक्स,जैक्स
jain,जैन,जैन
gene,जैने,जेने
jaine,जैने,जैने
jaino,जैनों,जैनो
jainon,जैनों,जैनों
jerry,जैरी,जररी
jasper,जैस्पर,जासपरर
jogging,जॉगिंग,जोगिंग
johnson,जॉनसन,जोनससन
jobs,जॉब्स,जोब्स
jockey,जोकि,जोके
joki,जोकि,जोकी
jokhim,जोखिम,जोखिम
joddta,जोड़ता,जोड़ता
jodta,जोड़ता,जोड़ता
jorhta,जोड़ता,जोरहता
jodiyon,जोड़ियों,जोड़ियों
jodo,जोड़ो,जोडो
jaun,जौं,जौन
gyatavya,ज्ञातव्य,ज्ञातव्यय
gyatvy,ज्ञातव्य,ज्ञातव्य
gyapit,ज्ञापित,ज्यापित
jyotiba,ज्योतिबा,ज्योतिबा
joint,ज्वाइंट,जॉइंट
jvar,ज्वार,ज्वार
jwar,ज्वार,ज्वार
jvaaron,ज्वारों,ज्वारों
jvaron,ज्वारों,ज्वारों
jwaron,ज्वारों,ज्वारों
jewellers,ज्वेलर्स,जेवेलर्स
jh,झ,झ
jha,झ,झा
jhalakti,झलकती,झलकती
jhalkati,झलकती,झलकती
jhalla,झल्ला,झलला
jhankana,झांकना,झंकना
jhankna,झांकना,झंकना
jheel,झील,झील
jhil,झील,झिल
jheelon,झीलों,झीलों
jhilon,झीलों,झीलों
jhuthala,झुठला,झुठाला
jhuthla,झुठला,झुठला
jhuthalane,झुठलाने,झुठालनेनेन
jhuthlane,झुठलाने,झुठलने
tankaar,टंकार,तंकार
tankar,टंकार,तंकर
takara,टकरा,तकरा
takra,टकरा,तकरा
takaraon,टकरावों,तकाराओं
takravon,टकरावों,तकरावों
tapakti,टपकती,तपकती
tapkati,टपकती,तपकती
time,टाइम,टीमे
timer,टाइमर,टिमर
taoo,टाऊ,टाऊ
tau,टाऊ,तौऊ
tapoowo,टापुओं,तपूू
tapuon,टापुओं,तपूओं
tapuwo,टापुओं,टापूवो
tied,टायर्ड,टाइड
tired,टायर्ड,टारेड
tyred,टायर्ड,ट्यरेड
tarch,टार्च,टार्च
torch,टार्च,टोर्च
tik,टिक,टिक
teap,टिप,टीप
tip,टिप,टीप
tippanikar,टिप्पणीकार,तिप्पणिकार
tippnikar,टिप्पणीकार,तिप्पनिकरर
tivolee,टिवोली,तिवोली
tivoli,टिवोली,तिवोली
teekamgarh,टीकमगढ़,तीकामगढ़
tikamgarh,टीकमगढ़,तीकमगढ़
teekon,टीकों,टीकों
tikon,टीकों,टिकों
two,टु,ट्वो
tension,टेंशन,टेंशन
tenis,टेनिस,टेनिस
tennis,टेनिस,टेनिस
taste,टेस्ट,टस्ते
test,टेस्ट,टेस्ट
tasting,टेस्टिंग,टास्टिंग
testing,टेस्टिंग,टेस्टिंग
tainin,टैनिन,टैनिन
tenin,टैनिन,टेनिन
tanish,टैनिस,तनीश
tennis,टैनिस,टेनिस
taboo,टैबू,टाबू
taiboo,टैबू,टैबूू
taobao,टैबू,ताबाओ
tonic,टॉनिक,टोनिक
tonga,टोंगा,टोंगा
toka,टोका,टोका
tuesday,ट्यूजडे,टुएस्डे
tuning,ट्यूनिंग,टुनिंग
tuberculosis,ट्यूबरक्यूलोसिस,टबर्ककलोोसिस
tuberkyulosis,ट्यूबरक्यूलोसिस,टबर्क्युलोसिसो
truck,ट्रक,ट्रकक
trangistor,ट्रांजिस्टर,ट्रांगीस्टरर
tranjister,ट्रांजिस्टर,ट्रांजिस्टरर
transistor,ट्रांजिस्टर,ट्रांसिस्टरर
transfer,ट्रान्सफर,ट्रांसफररर
tribunal,ट्रिब्युनल,ट्रिबुनल
tribunal,ट्रिब्यूनल,ट्रिबुनल
trubyunal,ट्रिब्यूनल,ट्रबयुनल
truth,ट्रुथ,त्थू
tuth,ट्रुथ,तुथ
traded,ट्रेडेड,ट्रेडड
trabal,ट्रेबल,ट्राबल
trebal,ट्रेबल,ट्रेबल
trouble,ट्रेबल,ट्रबल
traip,ट्रैप,ट्रैप
trap,ट्रैप,ट्रैप
trot,ट्रॉट,ट्रोट
trott,ट्रॉट,ट्रॉटट
thakkar,ठक्कर,ठकककरर
thakkr,ठक्कर,ठक्कर
thaharne,ठहरने,थहरने
thahrane,ठहरने,थहराने
theharne,ठहरने,थहरने
thikane,ठिकाने,थिकने
thumari,ठुमरी,थुमारी
thumri,ठुमरी,थुमरीर
theinga,ठेंगा,थेंगा
thenga,ठेंगा,थेंगा
thengaa,ठेंगा,थेंगा
daglas,डगलस,डगलास
douglas,डगलस,डोगलास
dabhara,डभरा,दभारा
dabhra,डभरा,दाभर
dabhoi,डभोई,दभोईईई
dam,डम,डम
dum,डम,डमम
darate,डराते,दरते
daratey,डराते,दरते
daravani,डरावनी,दरवानी
darawani,डरावनी,दरावनी
dravani,डरावनी,द्रवानी
down,डाउन,डोन
daak,डाक,दाक
dak,डाक,डक
daka,डाका,डाका
dabi,डाबी,दबीीी
dabolim,डाबोलिम,डबोलिम
dinosaur,डायनासोर,दिनोसौरर
diaries,डायरीज,डायरिजस
dit,डिट,डिट
depthiriya,डिप्थीरिया,देप्थिरीय
diphtheria,डिप्थीरिया,दिप्ठेरिया
de,डीई,डे
dealership,डीलरशिप,दीलेर्शिप
dvc,डीवीसी,डीवीसीीी
dubaana,डुबाना,दुबाना
dubana,डुबाना,दूबना
dubona,डुबोना,दुबोना
dulne,डुलने,दूलने
doonarpur,डूंगरपुर,दूनरपुर
doongarpur,डूंगरपुर,दूंगरपुर
dungarpur,डूंगरपुर,दुंगारपुर
dungerpur,डूंगरपुर,दंगेरपुर
dubana,डूबना,दुबना
dubna,डूबना,दूबना
dangerous,डेंजरस,डांगेरोस
daisy,डेजी,डैसी
dazy,डेजी,डाज्य
deji,डेजी,देजीी
deputy,डेप्युटी,डिप्टी
davidson,डेविडसन,डविडससन
devidson,डेविडसन,डेविडसन
davey,डेवी,दवे
devi,डेवी,देवी
dewey,डेवी,डेवे
destination,डेस्टिनेशन,डेस्टिनेशनश
datson,डैटसन,डाटसन
datsun,डैटसन,दत्सून
daddy,डैडी,डाड्य
dark,डॉर्क,डार्क
dork,डॉर्क,डोर्क
dose,डोज,डोस
domenic,डोमेनिक,डोमेनिक
doranda,डोरंडा,दोरंदा
dolane,डोलने,डोलने
dolne,डोलने,डोलने
dual,ड्युअल,दुआल
duak,ड्यूक,दुआक
duke,ड्यूक,डूके
drame,ड्रामे,ड्रेम
dramen,ड्रामे,ड्रेमन
drager,ड्रेजर,ड्रेजरर
dredger,ड्रेजर,ड्रेडरर
dreijer,ड्रेजर,ड्रीजरर
dhakaal,ढकाल,ढकाल
dhakal,ढकाल,ढकल
dhakkal,ढकाल,ढक्कल
dhkal,ढकाल,ढकल
dhale,ढले,ढाले
dhoondh,ढूंढ,धूंध
dhundh,ढूंढ,धूंध
dhoondhata,ढूंढता,धूंधताा
dhundhata,ढूंढता,धुंधता
dhundhta,ढूंढता,धुंधता
dhoondhi,ढूंढी,धूंधी
dhundhi,ढूंढी,धुंधी
tanjavur,तंजावुर,तंजावुर
thanjavur,तंजावुर,थंजावुर
tantr,तंत्र,तंत्र
tantra,तंत्र,तंत्र
tantrikao,तंत्रिकाओं,तंत्रिकाओं
tantrikaon,तंत्रिकाओं,तंत्रिकाओं
tantro,तंत्रों,टंतरों
tantron,तंत्रों,तंतरों
tagade,तगड़े,तगड़े
tagde,तगड़े,टागड़े
tadipaar,तड़ीपार,तदीपार
tadipar,तड़ीपार,तदीपार
tani,तनी,तनीी
tapan,तपन,तपन
tarafa,तरफा,तरफफा
tarfa,तरफा,तरफफा
tarabganj,तरबगंज,तरबगंज
taras,तरस,टारस
taraash,तराश,तराश
tarash,तराश,तराश
tarashay,तराशे,तराशय
tarashe,तराशे,तराशे
tareeko,तरीको,टारीको
tariko,तरीको,टारिको
tark,तर्क,तार्क
tarkvaad,तर्कवाद,तर्कवाद
tarkvad,तर्कवाद,तर्कवाद
tarkwaad,तर्कवाद,तर्कवाद
tarko,तर्कों,टारको
tarkon,तर्कों,टारकों
talabgaar,तलबगार,तलबगार
talabgar,तलबगार,तलाबगर
talbagaar,तलबगार,तलबगार
talbagar,तलबगार,तलबगार
talawe,तलवे,टालावे
talve,तलवे,टालवे
talawon,तलवों,तलावों
talvon,तलवों,तालवों
tahakhana,तहखाना,तहखनाा
tahkhaana,तहखाना,तहखाना
tahkhana,तहखाना,तहखाना
taantaa,तांता,तांता
tanta,तांता,तंताा
tambe,तांबे,टांबे
tanbe,तांबे,टांबे
taaja,ताजा,ताजा
taajaa,ताजा,ताजा
taaza,ताजा,ताजा
taja,ताजा,तजा
taza,ताजा,तजा
tansen,तानसेन,टांसें
taapmaanon,तापमानों,तापमानों
tapmano,तापमानों,तपमानों
tapmanon,तापमानों,तपमानों
taapti,ताप्ती,तापती
tapti,ताप्ती,तप्ति
tarabai,ताराबाई,तरबाईई
taseer,तासीर,तसीर
tasir,तासीर,तसीर
taahi,ताहि,ताही
tahi,ताहि,तहीी
tikone,तिकोने,टिकोने
tirupati,तिरूपति,तिरुपति
tiwari,तिवारी,तिवारी
ti,ती,टीीी
teer,तीर,तीर
tir,तीर,तीर
teeron,तीरों,टीरों
tiron,तीरों,टीरों
tirthatan,तीर्थाटन,तीर्थतन
tungnath,तुंगनाथ,तुंगनाथ
tughlaq,तुगलक,तुघलकक
tuglak,तुगलक,तुगलक
tughlakabad,तुगलकाबाद,तुघलकाबाद
tughlaqabad,तुगलकाबाद,तुघलकाबाद
tuglakabad,तुगलकाबाद,टुगलकाबाद
tugalaki,तुगलकी,तुगलकी
tugalki,तुगलकी,तुगलककी
tuglaki,तुगलकी,तुगलककी
tufail,तुफैल,टफाइल
tejaji,तेजाजी,तेजाजी
teji,तेजी,तेजीी
tel,तेल,टेल
telon,तेलों,टेलों
to,तो,टो
toh,तो,तोह
taul,तौल,टॉल
tyohaar,त्यौहार,त्योहार
tyohar,त्यौहार,त्योहार
tyoihar,त्यौहार,त्योहारर
tyauharon,त्यौहारों,त्यौहरों
tyoharon,त्यौहारों,त्योहारों
tyoiharon,त्यौहारों,त्योहारों
trijata,त्रिजटा,त्रिजता
trijta,त्रिजटा,त्रिजता
triya,त्रिया,त्रिया
tremasik,त्रैमासिक,ट्रेमासिक
trimasik,त्रैमासिक,त्रिमासिक
tse,त्से,टेस
thaki,थकी,थाकी
thki,थकी,थकीी
tharti,थर्टी,थरती
thirty,थर्टी,थिर्टी
thane,थाणे,थने
thaanvi,थानवी,थानवी
thanvi,थानवी,थानवी
theateron,थिएटरों,थीतरों
theatron,थिएटरों,थीत्रों
theaters,थिएटर्स,थिटर्स
theater,थियेटर,थिटरर
theatre,थियेटर,थीत्रे
theateron,थियेटरों,थीतरों
theatron,थियेटरों,थीत्रों
thitron,थियेटरों,थित्रों
theaters,थियेटर्स,थिटर्स
theatrs,थियेटर्स,थिट्स
thiyeters,थियेटर्स,थियेटर्स
thirake,थिरके,ठिरके
thirke,थिरके,ठिरके
thief,थीफ,थीफ
then,थेन,थेन
theni,थेनी,थेनी
thailee,थैली,थैली
thaili,थैली,थैली
thaile,थैले,थैले
dang,दंग,डांग
danga,दंगा,दंगा
dangon,दंगों,दंगों
dampati,दंपति,दमपती
danpati,दंपति,दनपती
dampatiyon,दंपतियों,दमपतियों
dampattiyon,दंपतियों,दंपत्तियों
danptiyon,दंपतियों,दानप्तियों
dadreva,ददरेवा,दाद्रवा
dadrewa,ददरेवा,दाद्रवा
damoh,दमोह,दमोह
dardara,दरदरा,दरदारा
dardraa,दरदरा,दरद्रा
durdhara,दरदरा,दूर्धरा
darmiyaan,दरमियान,दर्मियां
darmiyan,दरमियान,दरमियां
darjano,दर्जनों,दर्जनों
darjanon,दर्जनों,दर्जनों
darp,दर्प,डार्प
darra,दर्रा,दररा
dalbadal,दलबदल,दलबबदाल
dalbadl,दलबदल,डालबाद
dali,दली,दाली
dastaanaa,दस्ताना,दस्ताना
dastana,दस्ताना,दस्तना
dastavej,दस्तावेज,दस्तवेज
dahan,दहन,दहन
dahal,दहल,दहल
da,दा,दा
daakhil,दाखिल,दाखील
dakhil,दाखिल,डखील
daakhile,दाखिले,दाखीले
dakhile,दाखिले,दखीले
daataa,दाता,दाता
data,दाता,दता
dadari,दादरी,ददारी
daanshil,दानशील,दांशील
danshil,दानशील,दाशील
daabholkar,दाभोलकर,दाभोलकररक
dabholkar,दाभोलकर,दभोलकार
damale,दामले,दमले
damle,दामले,डमले
dayitv,दायित्व,दायित्व
dayitva,दायित्व,दायित्व
dayitwa,दायित्व,दायित्व
dayitvon,दायित्वों,दयितवों
dayityon,दायित्वों,दयित्यों
darul,दारूल,डारूल
daav,दाव,दाव
daaw,दाव,दाव
dav,दाव,दाव
daw,दाव,दाव
daah,दाह,दाह
dah,दाह,दाह
dikhla,दिखला,दिखला
dikhlaa,दिखला,दिखला
dikhaaiye,दिखाइये,दिखाइए
dikhaiye,दिखाइये,दिखाईए
dikhaai,दिखाई,दिखाईई
dikhai,दिखाई,दिखाईई
dikhayi,दिखाई,दिखाई
dikhaaee,दिखाईं,दिखाईई
dikhaai,दिखाईं,दिखाईई
dikhaain,दिखाईं,दिखाइन
dikhaee,दिखाईं,दिखाई
dikhai,दिखाईं,दिखाईई
dikhayin,दिखाईं,दिखाइन
dikhai,दिखायी,दिखाईई
dikhayi,दिखायी,दिखाई
dikhaai,दिखार्इ,दिखाईई
dikhae,दिखार्इ,दिखाई
dikhai,दिखार्इ,दिखाईई
dikhayi,दिखार्इ,दिखाई
dita,दिता,दिता
ditaa,दिता,दिता
dinaank,दिनांक,दिनांक
dinank,दिनांक,दिनांक
dirham,दिरहम,दीरहम
dilaaye,दिलाये,दिलाए
dilaye,दिलाये,दिलाए
deewani,दिवानी,दीवानी
diwani,दिवानी,दिवानी
divy,दिव्य,दीवी
divya,दिव्य,दिव्य
divyata,दिव्यता,दिव्यता
divya,दिव्या,दिव्य
deepan,दीपन,दीपन
deepn,दीपन,दीपन
dipan,दीपन,दिपान
deepsingh,दीपसिंह,दीप्िंह
dipsingh,दीपसिंह,दिप्सिंह
deepika,दीपिका,दीपिका
dipika,दीपिका,दिपिका
deeya,दीया,दीया
diya,दीया,दिया
dukaanon,दुकानों,दुकानों
dukanon,दुकानों,दुकानों
dukke,दुक्के,डुके
dukhan,दुखन,दूखान
dukhit,दुखित,दुखित
dukhiyon,दुखियों,दुखियों
dukhon,दुखों,दूखों
dubhashiyon,दुभाषियों,दुभाषियों
durgun,दुर्गुण,दूर्गुण
durghatna,दुर्घटना,दूर्घातना
durghtna,दुर्घटना,दूर्घटना
duneerti,दुर्नीति,दुनीरती
durniti,दुर्नीति,दूर्णीति
durbhiksh,दुर्भिक्ष,दूरभीक्ष
duvidhaaen,दुविधाएं,दुविधाएं
duvidhaayein,दुविधाएं,दुविधाएं
duvidhaen,दुविधाएं,दुविधाएं
duwaidhaayein,दुविधाएं,दुवैधाएंें
dune,दूने,डूने
doordarshan,दूरदर्शन,दूरदर्शन
durdarshan,दूरदर्शन,दूरदर्शन
dradh,दृढ़,द्राध
dridh,दृढ़,दृध
dekhoge,देखोगे,देखोगे
denevaali,देनेवाली,देनेवाली
denevali,देनेवाली,देनेवाली
denewaali,देनेवाली,देनेवाली
denewali,देनेवाली,देनेवाली
deonar,देवनार,देयोनार
devnaar,देवनार,देवनार
devnar,देवनार,देवनार
devaapur,देवापुर,देवापुर
devapur,देवापुर,देवापुर
devi,देवी,देवी
devisingh,देवीसिंह,देविसिंह
devisinh,देवीसिंह,देविसिन
deshkaal,देशकाल,देशकाल
deshkal,देशकाल,देशकाल
deshke,देशके,देशके
desai,देसाई,देसई
doge,दोगे,डोगे
dvadash,द्वादश,द्वादश
dwaadas,द्वादश,द्वादस
dvivedi,द्विवेदी,द्विवेदी
dwivedi,द्विवेदी,द्विवेदी
dhande,धंधे,ढंडे
dhandhe,धंधे,ढंधे
dhndhe,धंधे,ढंधे
dhandhon,धंधों,धंधों
dhandon,धंधों,धंडों
dhakelte,धकेलते,ढकेलते
dhkelate,धकेलते,ढकेलते
dhatana,धटना,ढटना
dhatna,धटना,ढटना
dhankuber,धनकुबेर,धनकुबरर
dhanadhany,धनधान्य,धनाधन्न
dhandhaanya,धनधान्य,धंधान्यननय
dhandhany,धनधान्य,धंधन्न
dhandhanya,धनधान्य,धंधन्य
dhamkaataa,धमकाता,धमकाता
dhamkata,धमकाता,धमकता
dhamm,धम्म,धम्म
dhamma,धम्मा,धमममा
dhammaa,धम्मा,धममाा
dharmnath,धर्मनाथ,धर्मनाथ
dharmraj,धर्मराज,धर्मराज
dharmesh,धर्मेश,धर्मेश
dhasmaanaa,धस्माना,धस्माना
dhasmana,धस्माना,धस्माना
dhaak,धाक,धाक
dhak,धाक,ढक
dhaaga,धागा,धागा
dhaagaa,धागा,धागा
dhaga,धागा,धगा
dhaatuein,धातुएं,धातुएं
dhaatuyein,धातुएं,धातुएं
dhtuen,धातुएं,धतुएं
dhaarak,धारक,धारक
dharak,धारक,धरक
dhaari,धारी,धारी
dhari,धारी,धरीी
dhuan,धुआं,धूआन
dhunaai,धुनाई,धुनाईई
dhunai,धुनाई,धुनाईई
dhuriya,धुरिया,धुरिया
dhuriyaa,धुरिया,धुरिया
dhuni,धूनी,धुनी
dhairyavaan,धैर्यवान,धैर्यवां
dhairyawan,धैर्यवान,धैर्यवान
dhiryavan,धैर्यवान,धीर्यवान
dhiryawaan,धैर्यवान,धीर्यवां
dhokebaaj,धोखेबाज,धोकेबाज
dhokebaaz,धोखेबाज,धोकेबाज
dhokebaj,धोखेबाज,धोकेबाज
dhokebaz,धोखेबाज,धोकेबाज
dhokhebaaj,धोखेबाज,धोखेबाज
dhokhebaj,धोखेबाज,धोखेबाज
dhona,धोना,ढोना
dhonaa,धोना,धोना
dhoraaji,धोराजी,धोराजी
dhoraji,धोराजी,धोराजी
dhoron,धोरों,धोरों
dhyeyavaadi,ध्येयवादी,ध्यायवादी
dhyeywadi,ध्येयवादी,ध्येवादी
dyeyvadi,ध्येयवादी,द्यावादी
dhrupad,ध्रुपद,ध्रूपड़
drupad,ध्रुपद,द्रूपड़
nandanvan,नंदनवन,नंदनवान
nadsa,नक्सल,नादसा
naksal,नक्सल,नक्सल
naxal,नक्सल,नैक्सल
naksalavaad,नक्सलवाद,नकसालवादा
naksalwaad,नक्सलवाद,नकसालवाद
naksalwad,नक्सलवाद,नकसालवाद
naxalvaaad,नक्सलवाद,नकसलवाद
naxalwaad,नक्सलवाद,नकसलवाद
naksaliyon,नक्सलियों,नकसालियों
naxaliyon,नक्सलियों,नक्सालियों
naksali,नक्सली,नकसाली
naxali,नक्सली,नकसाली
nagaada,नगाड़ा,नगाड़ा
nagaadaa,नगाड़ा,नगाड़ा
nagaaraa,नगाड़ा,नगारा
nageene,नगीने,नगीने
nagine,नगीने,नागिने
najarandaaj,नजरंदाज,नज़रंदाजाजा
najarandaaz,नजरंदाज,नज़रंदाजाजा
nazarandaaj,नजरंदाज,नज़रंदाजाजा
nazarandaaz,नजरंदाज,नज़रंदाजाजा
nazarandaz,नजरंदाज,नज़रंदजाज़
najraane,नजराने,नज़राने
nazraane,नजराने,नज़राने
najariyon,नजरियों,नज़ारियों
najriyon,नजरियों,नज़रियों
najron,नजरों,नज़रों
najeeb,नजीब,नजीब
najib,नजीब,नजीब
najibabaad,नजीबाबाद,नजीबबादा
najibabad,नजीबाबाद,नजीबबाद
najeem,नजीम,नजीम
najim,नजीम,नज़ीम
nazeem,नजीम,नजीम
nana,नना,नाना
nanaa,नना,नाना
nna,नना,ननना
nanhe,नन्हें,नानहे
nanhein,नन्हें,नानहें
nabj,नब्ज़,नब्ज
nabja,नब्ज़,नब्जा
nabz,नब्ज़,नब्ज
namkeen,नमकीन,नमकीन
namkin,नमकीन,नमकीन
narnaari,नरनारी,नर्नारी
narnari,नरनारी,नर्नारी
narbhakshi,नरभक्षी,नारभक्षी
naram,नरम,नरम
narm,नरम,नार्म
narmi,नरमी,नार्मी
narsanhar,नरसंहार,नरसानहर
narsanharon,नरसंहारों,नरसानहरों
november,नवंबर,नवेंबरर
navketan,नवकेतन,नवकेतन
navjaagaran,नवजागरण,नवजागरण
navjagran,नवजागरण,नवजाग्रण
navdha,नवधा,नवधा
navvadhoo,नववधू,नवववादू
navvadhu,नववधू,नवववादु
nava,नवा,नवा
navaa,नवा,नवा
navate,नवाते,नवाते
navanagar,नवानगर,नवानगर
nawanagar,नवानगर,नवानगर
navya,नव्या,नव्य
naseem,नसीम,नसीम
nasim,नसीम,नससिम
nights,नाइट्रस,निइट्स
nitrous,नाइट्रस,निट्रोस
nineteez,नाइनटीज,निनेतीज
nineties,नाइनटीज,निनेटिज
ninties,नाइनटीज,निंटीजस
nau,नाऊ,नौ
nauu,नाऊ,नौऊ
naakaam,नाकाम,नाकाम
nakam,नाकाम,नकम
naagrik,नागारिक,नाग्रिक
nagarik,नागारिक,नागरिक
nagrik,नागारिक,नाग्रिक
nagin,नागिन,नागीन
nadep,नाडेप,नादप
nanak,नानक,नानक
nanavati,नानावती,नानावती
napane,नापने,नपने
napne,नापने,नापने
napa,नापा,नापा
naam,नाम,नाम
naamdhari,नामधारी,नामधारी
namdhari,नामधारी,नमदारी
namankano,नामांकनों,नमानकनों
namankanon,नामांकनों,नमानकनों
namavaliyon,नामावलियों,नमावलियोंं
naamo,नामो,नामो
namo,नामो,नमो
nayak,नायक,नायक
naraji,नाराजी,नाराजी
naraingarh,नारायणगढ़,नारांगढ़
narayangadh,नारायणगढ़,नरायंगढ़ा
narayangarh,नारायणगढ़,नरायंगर
naasar,नासर,नासर
nahargadh,नाहरगढ,नहहरगढ़
nahargarh,नाहरगढ,नहहरगढ़
nikalegi,निकलेगी,निकालेगी
nikalogi,निकलेगी,निकालोगी
nikaalani,निकालनी,निकालनी
nikaalni,निकालनी,निकालनी
nikalani,निकालनी,निकालनी
nikalni,निकालनी,निकलनी
nicki,निकी,निकी
nicky,निकी,निकी
niki,निकी,निकी
niketan,निकेतन,निकेटन
nikhar,निखर,निखार
nikhari,निखरी,निखारी
nigar,निगर,निगरर
nigger,निगर,निग्ररर
nichala,निचला,निचला
nichalaa,निचला,निचला
nichla,निचला,निचला
nitiyon,नितियों,नितियों
nitya,नित्या,नित्य
nityaa,नित्या,नित्या
nidhaan,निधान,निधान
nidhan,निधान,निधान
nipatara,निपटारा,निपटरा
niptaara,निपटारा,निपटारा
niptaaraa,निपटारा,निपटारा
niptara,निपटारा,निपटरा
niyanta,नियंता,नियंता
niyantaa,नियंता,नियंता
niya,निया,निया
niyaa,निया,निया
nirdeshika,निर्देशिका,निर्देशिका
nirdeshikaa,निर्देशिका,निर्देशिका
nirdhaarit,निर्धारित,निर्धारित
nirdharit,निर्धारित,निर्धारित
nirbaadh,निर्बाध,निर्बाध
nirbadh,निर्बाध,निर्बाध
niveshakartaa,निवेशकर्ता,निवेशकर्ता
niveshkarta,निवेशकर्ता,निवेशकर्ता
niveshkartaa,निवेशकर्ता,निवेशकर्ता
nischal,निश्चल,निस्चल
nishchal,निश्चल,निश्चल
nishnaat,निष्णात,निष्नत
nishpaap,निष्पाप,निष्पाप
nihalaani,निहलानी,निहालानी
nihlaani,निहलानी,निहलानी
nihlani,निहलानी,निहलानी
nihaalchand,निहालचंद,निहालचंद
nihalchand,निहालचंद,निहालचंद
neechaaee,नीचाई,नीचाईई
nichaai,नीचाई,निचाई
neat,नीट,नीत
neet,नीट,नीत
neetiyon,नीतियों,नीतियों
nitiyon,नीतियों,नितियों
neelagaay,नीलगाय,नीलगाय
nilgai,नीलगाय,निलगाई
neelaabh,नीलाभ,नीलाभ
nilaabh,नीलाभ,निलाभ
nilabh,नीलाभ,निलाभ
nuskhe,नुस्खे,नुस्खे
noon,नून,नून
nun,नून,नून
noobiyaa,नूबिया,नूबिया
nubiya,नूबिया,नुबिया
nrityashaili,नृत्यशैली,नृत्याशाली
nrutyashaili,नृत्यशैली,नृत्याशाली
nrityon,नृत्यों,नृत्यों
nrutyon,नृत्यों,नृत्यों
neco,नेको,नेको
neko,नेको,नेको
nectar,नेक्टर,नेक्टरर
neg,नेग,नेग
nega,नेग,नेगा
networking,नेटवर्किग,नेटवर्किंग
neto,नेटो,नेटो
neta,नेता,नेता
nemo,नेमो,नेमो
nelsan,नेल्सन,नेल्सन
nelson,नेल्सन,नेल्सन
nations,नेशंस,नाटिशंस
nehara,नेहरा,नेहरा
nehra,नेहरा,नेहरा
naino,नैनो,नैनो
nano,नैनो,नानो
naivedh,नैवेद्य,नैवेध
naivegh,नैवेद्य,नैवेघ
nevedya,नैवेद्य,नेवेद्य
nominate,नॉमिनेट,नोमिनेट
naukari,नोकरी,नौकरी
naukri,नोकरी,नौकरी
nokari,नोकरी,नोकरी
nokri,नोकरी,नोकरी
notes,नोट्स,नोटेस
nora,नोरा,नोरा
nori,नोरी,नोरी
nauner,नौनेर,नौनरर
nauvahan,नौवहन,नौवहान
naushad,नौशाद,नौशद
panchaang,पंचांग,पंचांग
panchang,पंचांग,पंचांग
punchang,पंचांग,पंचांग
punjab,पंजाब,पुंजब
punjabiyon,पंजाबियों,पुंजाबियों
pantar,पंटर,पंतर
panter,पंटर,पंटर
punter,पंटर,पंटरर
pakaayein,पकाएं,पकाएंें
pakaayen,पकाएं,पकाएं
pakaen,पकाएं,पकाएं
pakayen,पकाएं,पकाएं
pakaude,पकौड़े,पकौड़े
pakshapat,पक्षपात,पक्षपतत
pakshpaat,पक्षपात,पक्षपात
pakshpat,पक्षपात,पक्षपत
pagabadha,पगबाधा,पगबाधा
pagbadha,पगबाधा,पगबाधा
pagalaa,पगला,पगला
pagla,पगला,पगला
pachaataa,पचाता,पचाता
pachata,पचाता,पचता
patakkar,पटककर,पतकककर
patkathaayein,पटकथाएं,पटकथाएंें
patkathaein,पटकथाएं,पटकथाएं
patkathayen,पटकथाएं,पटकथाएं
patki,पटकी,पटकी
pataraani,पटरानी,पतरानी
patrani,पटरानी,पतरनी
patavaari,पटवारी,पतवारी
patwari,पटवारी,पतवारी
pataakshep,पटाक्षेप,पताक्षेप
patachep,पटाक्षेप,पाचेप
patakshep,पटाक्षेप,पतक्षेप
patiya,पटिया,पटिया
patiyaa,पटिया,पतिया
padaraunaa,पडरौना,पदरौना
padrauna,पडरौना,पदरौना
padega,पड़ेगा,पदेगा
padegaa,पड़ेगा,पदेगा
padha,पढ़ा,पढ़ा
padhaa,पढ़ा,पढ़ा
padhaataa,पढ़ाता,पढ़ाता
padhata,पढ़ाता,पढ़ता
patili,पतीली,पतीली
padamawati,पदमावती,पदमावती
padmavati,पदमावती,पदमावती
padmawati,पदमावती,पदमावती
padadhikari,पदाधिकारी,पददधीकारी
panapnaa,पनपना,पनपना
panpana,पनपना,पनपना
panaamaa,पनामा,पनामा
panama,पनामा,पनामा
paneer,पनीर,पनीर
pammi,पम्मी,पममी
pammu,पम्मी,पमममू
pummi,पम्मी,पुम्मी
pummy,पम्मी,पम्मी
pardesiyon,परदेसियों,पर्देशियों
pardesi,परदेसी,परदेसी
parva,परवा,परवा
parvaa,परवा,परवा
parwa,परवा,परवा
parwaa,परवा,परवा
paraadheen,पराधीन,पराधीन
paraadhin,पराधीन,पराधीन
paradheen,पराधीन,पराधीन
paradhin,पराधीन,पराधीन
parikalpit,परिकल्पित,परिकालपित
parimal,परिमल,परिमाल
parishad,परिषद,परिशद
parishadiy,परिषदीय,परिशदीय
parishadiya,परिषदीय,परिशददीय
parishadon,परिषदों,परिशदों
parikhaen,परीक्षाएं,परिखाएं
parikshaayein,परीक्षाएं,परिक्षाएं
parikshaen,परीक्षाएं,परिक्षाएं
parosane,परोसने,परोसने
parosne,परोसने,परोसने
parda,पर्दा,परदा
pardaa,पर्दा,परदा
purple,पर्पल,पूर्पल
palatne,पलटने,पलतने
paltane,पलटने,पलतने
palaari,पलारी,पलारी
palari,पलारी,पलारी
pale,पले,पाले
palmonari,पल्मोनरी,पलमोनारी
pulmonary,पल्मोनरी,पुलमोनरी
plus,पल्स,प्लस
pulse,पल्स,पुलसे
pashtun,पश्तून,पश्तुन
pashtuun,पश्तून,पश्तुओं
pahan,पहन,पहन
pehan,पहन,पहन
pahantaa,पहनता,पहनता
pahnata,पहनता,पहनाता
pehnate,पहनता,पहनाते
pahanate,पहनते,पहनाते
pahante,पहनते,पहनते
pehnate,पहनते,पहनाते
pahnaakar,पहनाकर,पहनाकर
pahnakar,पहनाकर,पहनाकर
pehnakar,पहनाकर,पहनाकर
pahnaati,पहनाती,पहनाती
pahnati,पहनाती,पहनाती
pehnati,पहनाती,पहनाती
pahani,पहनी,पहनी
pahni,पहनी,पहनी
pehni,पहनी,पहनी
pahno,पहनो,पहनो
pehno,पहनो,पहनो
pahla,पहला,पहला
pahlaa,पहला,पहला
pehla,पहला,पहला
paheliyaan,पहेलियां,पहेलियां
paheliyan,पहेलियां,पहेलियां
paheliyon,पहेलियों,पहेलियों
pide,पाइड,पिड़े
pied,पाइड,पीएड
pythagoras,पाइथागोरस,प्थागोरस
pythogaras,पाइथागोरस,प्थोगारस
paakhandi,पाखंडी,पाखंडी
pakhandi,पाखंडी,पखंडी
paathshaalaayein,पाठशालाएं,पाठशालयएं
pathshalayein,पाठशालाएं,पथशालयएं
pathshalayen,पाठशालाएं,पथशालयएं
paathyakram,पाठ्यक्रम,पाठ्यक्रम
pathyakram,पाठ्यक्रम,पथ्यक्रम
pathykram,पाठ्यक्रम,पथ्यक्रम
paathyakramon,पाठ्यक्रमों,पाठ्यक्रमों
pathyakramon,पाठ्यक्रमों,पथ्यक्रमों
pathykramon,पाठ्यक्रमों,पथ्यक्रमों
population,पापुलेशन,पोपुलेशन
pailot,पायलट,पैलोट
pilot,पायलट,पिलोट
pailoton,पायलटों,पैलोटों
piloton,पायलटों,पिलोटों
paarampariktaa,पारंपरिकता,पारंपरिकता
paramparikata,पारंपरिकता,परंपरिकता
paramparikta,पारंपरिकता,परंपरिकता
parnel,पार्नेल,पार्नेल
parnell,पार्नेल,पार्नेल
parleron,पार्लरों,पर्लरों
parloron,पार्लरों,परलोों
parlouron,पार्लरों,परलोरों
paarshad,पार्षद,पार्शद
parshad,पार्षद,परशाद
paarshadon,पार्षदों,पार्शदों
parshadon,पार्षदों,पर्शदों
parshdon,पार्षदों,पर्शदों
policy,पालिसी,पोलिसी
pinta,पिंटा,पिंता
pintaa,पिंटा,पिंता
piega,पिएगा,पिएगा
piyegaa,पिएगा,पियागा
pic,पिक,पीक
pick,पिक,पिक
pik,पिक,पिक
piki,पिकी,पिकी
piky,पिकी,पिक्य
picture,पिक्चर,पिक्टर
pigmentation,पिगमेंटेशन,पिगमेंटेशन
pigs,पिग्स,पिग्स
pichde,पिछड़े,पिछड़े
pichhade,पिछड़े,पिछड़े
pijja,पिज्जा,पिजजा
pizza,पिज्जा,पिजजजा
pitaamaha,पितामह,पितामहा
pitamah,पितामह,पितमह
pipra,पिपरा,पिप्र
pipraa,पिपरा,पिप्रा
pipli,पिपली,पिपली
pearson,पियरसन,पीरसन
pierson,पियरसन,पीरससन
peary,पियरी,पीरी
piyari,पियरी,पियरीरी
pisaai,पिसाई,पिसाई
pisai,पिसाई,पिसाईई
pihaani,पिहानी,पिहानी
pihani,पिहानी,पिहनीी
pib,पीआईबी,पिब
pr,पीआर,पीआर
pml,पीएमएल,पीएमल
pmo,पीएमओ,पमो
pmch,पीएमसीएच,पीची
psv,पीएसवी,पीसीवीी
peaking,पीकिंग,पीकिंग
picking,पीकिंग,पिकिंग
peetne,पीटने,पीतने
pitne,पीटने,पितने
pedia,पीडिया,पेडिया
pidiya,पीडिया,पिड़िया
pidiyaa,पीडिया,पिड़िया
peelepan,पीलेपन,पीलेपन
pilepan,पीलेपन,पिलेपन
pv,पीवी,पीवीी
pisa,पीसा,पिसा
putla,पुतला,पुटला
putlaa,पुतला,पुटला
putaliyaan,पुतलियां,पुटालियां
putliyan,पुतलियां,पुटलियां
putaliyon,पुतलियों,पुटालियों
putliyon,पुतलियों,पुटलियों
putali,पुतली,पुटाली
putli,पुतली,पूटली
putale,पुतले,पूटले
putle,पुतले,पूटले
putin,पुतिन,पूटिन
putul,पुतुल,पुटुल
punargathan,पुनर्गठन,पुनर्गाथन
puna,पुना,पुना
puraane,पुराने,पुराने
purane,पुराने,पूराने
puru,पुरू,पूरू
purjon,पुर्जों,पूर्जों
purzon,पुर्जों,पूर्जों
pulam,पुलम,पुलम
pushkin,पुश्किन,पुष्कीन
pushkarana,पुष्करणा,पुष्करणा
pushkarna,पुष्करणा,पुष्करणा
pushkarnaa,पुष्करणा,पुष्करणा
pushp,पुष्प,पुष्प
pushpa,पुष्प,पुष्पा
pushpa,पुष्पा,पुष्पा
pushpaa,पुष्पा,पुष्पा
pushpit,पुष्पित,पुष्पित
pushpon,पुष्पों,पुष्पों
poonjikaran,पूंजीकरण,पूंजीकरणण
punjikaran,पूंजीकरण,पुंजीकरण
poojaapaath,पूजापाठ,पूजापाथठथाथ
poojapath,पूजापाठ,पूजपतथ
pujapath,पूजापाठ,पूजपाथ
pooranpur,पूरनपुर,पूरानपुर
puranpur,पूरनपुर,पुरानपुर
purvaabhaas,पूर्वाभास,पूर्वाभासा
purvaabhas,पूर्वाभास,पूर्वाभास
purvabhaas,पूर्वाभास,पूर्वाभास
purvabhas,पूर्वाभास,पूर्वाभास
pendulam,पेंडुलम,पेंदुलम
pendulum,पेंडुलम,पेंडुलम
peg,पेग,पेग
pages,पेजेज,पेजेस
pajej,पेजेज,पजजजज
pace,पेस,पेस
pes,पेस,पेस
pastry,पेस्ट्री,पास्ट्री
pangolin,पैंगोलिन,पंगोलिन
pengolin,पैंगोलिन,पेंगोलिन
packard,पैकर्ड,पैकार्ड
package,पैकेज,पैकाे
packageon,पैकेजों,पैकागियों
packagon,पैकेजों,पककागों
packajon,पैकेजों,पककाजों
paim,पैम,पैम
pam,पैम,पम
paratrooper,पैराट्रूपर,परतरूपररर
peratrupers,पैराट्रूपर,पेराटर्पर्सर
paranormal,पैरानॉर्मल,परणोरमाल
peranormal,पैरानॉर्मल,परनोरमाल
paraffin,पैराफिन,परफफफीन
parafin,पैराफिन,पराफीन
perafin,पैराफिन,पररफफीन
parabola,पैराबोला,परबोला
perabola,पैराबोला,पराबोला
polimer,पॉलिमर,पोलिमर
polymer,पॉलिमर,पोलिमर
polishing,पॉलिशिंग,पोलिशिंग
pokar,पोकर,पोकर
poker,पोकर,पोकर
polish,पोलिश,पोलिश
poshit,पोषित,पोषित
posta,पोस्ता,पोस्ता
pau,पौ,पौ
pyade,प्यादे,प्यादे
prakriya,प्रक्रिया,प्रक्रिय
prakshepak,प्रक्षेपक,प्रक्षेपक
pratigya,प्रतिज्ञा,प्रतिग्य
prtigyaa,प्रतिज्ञा,प्रतिज्ञा
pratibhutiyan,प्रतिभूतियां,प्रतिभूतियां
pratiyon,प्रतियों,प्रतियों
prativaad,प्रतिवाद,प्रतिवाद
prativad,प्रतिवाद,प्रतिवाद
prativadi,प्रतिवादी,प्रतिवादी
pratishat,प्रतिशत,प्रतिष्ट
praneet,प्रनीत,प्रणीत
pranit,प्रनीत,प्रणित
prapaat,प्रपात,प्रपात
prapat,प्रपात,प्रपत
prapaaton,प्रपातों,प्रपातों
prapaton,प्रपातों,प्रपतों
prabodhini,प्रबोधिनी,प्रबोधिनी
prayaasrat,प्रयासरत,प्रयासरत
prayasarat,प्रयासरत,प्रयासरत
pradarshan,प्रर्दशन,प्रदर्शन
prardashan,प्रर्दशन,प्रदर्शन
pravati,प्रवत्ति,प्रवती
pravatti,प्रवत्ति,प्रवत्ति
prashaasanik,प्रशासनिक,प्रशासनिक
prashasanik,प्रशासनिक,प्रशासनिक
prashasnik,प्रशासनिक,प्रशासनिक
prashaasanon,प्रशासनों,प्रशासनों
prashansanon,प्रशासनों,प्रशंसनों
prashasanon,प्रशासनों,प्रशासनों
prashikshu,प्रशिक्षु,प्रशिक्षु
prastaavon,प्रस्तावों,प्रस्तावों
prastavon,प्रस्तावों,प्रस्तावों
prahlaad,प्रहलाद,प्रहलाद
prahlad,प्रहलाद,प्रहलाद
prahasan,प्रहसन,प्रहासन
prahsan,प्रहसन,प्रहसन
prahaarak,प्रहारक,प्रहारक
praharak,प्रहारक,प्रहरक
prahad,प्रह्लाद,प्रहाद
prahlad,प्रह्लाद,प्रहलाद
privacy,प्राइवेसी,प्रिवासी
praakkathan,प्राक्कथन,प्राक्थान
prakkathan,प्राक्कथन,प्रक्कथान
praan,प्राण,प्राण
pran,प्राण,प्रण
pranon,प्राणों,प्रणों
prathamik,प्राथमिक,प्राथमिक
prathmik,प्राथमिक,प्राथमिक
praathmikata,प्राथमिकता,प्राथमिकता
prathmikta,प्राथमिकता,प्राथमिकता
prathmiki,प्राथमिकी,प्राथमिकी
pradhyapakon,प्राध्यापकों,प्रध्यापकोंों
prapt,प्राप्त,प्रप्त
prapta,प्राप्त,प्रप्ता
prapti,प्राप्ती,प्रप्ति
praroop,प्रारूप,प्रूप
prarup,प्रारूप,प्रूप
priyamani,प्रियामणि,प्रियमानी
proof,प्रूफ,प्रूफ
pruf,प्रूफ,प्रूफ
prekshakon,प्रेक्षकों,प्रेक्षकों
prem,प्रेम,प्रेम
premlata,प्रेमलता,प्रेमलता
prema,प्रेमा,प्रेमाा
premi,प्रेमी,प्रेमी
profit,प्रॉफिट,प्रॉफिटट
processing,प्रॉसेसिंग,प्रोसेसिंग
programers,प्रोग्रामर्स,प्रोग्रामर्स
programmers,प्रोग्रामर्स,प्रोग्रामर्स
programs,प्रोग्रामर्स,प्रोग्रामस
proto,प्रोटो,प्रोटो
propellant,प्रोपेलेंट,प्रोपेलेंटट
propellent,प्रोपेलेंट,प्रोपेलेंटट
praudh,प्रौढ,प्रौढ़
proud,प्रौढ,प्रुड
plan,प्लेन,प्लान
plane,प्लेन,प्लाने
fund,फंड,फंंड
funda,फंडा,फुंडा
funding,फंडिंग,फंंडिंग
fandon,फंदों,फंंडों
fagua,फगुआ,फगगुआ
fatane,फटने,फटने
phatane,फटने,फटने
phatne,फटने,फटने
fadfadata,फड़फड़ाता,फड़फड़ता
phadphadata,फड़फड़ाता,फड़फड़ता
fatehgadh,फतेहगढ़,फटहगढ़
fatehgarh,फतेहगढ़,फतहगढ़
fabti,फब्ती,फबतीी
phabti,फब्ती,फबतीी
farse,फरसे,फार्स
pharase,फरसे,फरसे
pharse,फरसे,फर्से
farheen,फरहीन,फरहीन
farhin,फरहीन,फरहीन
farth,फर्थ,फर्थ
ferth,फर्थ,फर्थ
pharth,फर्थ,फर्थ
farmion,फर्मिऑन,फर्मियों
fermion,फर्मिऑन,फर्मियन
firmian,फर्मिऑन,फर्मियन
farookhabad,फर्रुखाबाद,फरूखाबाद
farrukhabad,फर्रुखाबाद,फररूखाबाद
farukhabad,फर्रुखाबाद,फरूखाबाद
farookhnagar,फर्रूखनगर,फरूखनागरर
farrukhnagar,फर्रूखनगर,फररुखनगरार
farukhnagar,फर्रूखनगर,फरुखनागर
falata,फलता,फलता
falta,फलता,फलता
phalata,फलता,फलता
falne,फलने,फलने
phalne,फलने,फलने
falitarth,फलितार्थ,फालीतर्थ
phalitartha,फलितार्थ,फलीतर्थथ
falibhoot,फलीभूत,फलीभूत
falibhut,फलीभूत,फलिभूत
phalibhoot,फलीभूत,फलीभूत
favvara,फव्वारा,फववारा
fawaara,फव्वारा,फवारा
favvare,फव्वारे,फववारे
fawaare,फव्वारे,फवारे
favvaron,फव्वारों,फवववरों
fawaaron,फव्वारों,फवारों
faisala,फ़ैसला,फैसला
faisla,फ़ैसला,फैसला
follow,फ़ॉलो,फोलो
faansi,फांसी,फांसी
fansi,फांसी,फांसी
fatama,फातमा,फटमाा
fatma,फातमा,फटमाा
faaf,फाफ,फाफ
phaaph,फाफ,फाप
farsi,फारसी,फर्सी
forcee,फारसी,फोर्सी
farm,फार्म,फर्म
form,फार्म,फॉर्म
farmic,फार्मिक,फार्मिक
formic,फार्मिक,फोर्मिक
formulae,फार्मूले,फोरमुलाई
formule,फार्मूले,फोरमुले
formuley,फार्मूले,फोरमुले
pharmacy,फार्मेसी,फर्मासी
pharma,फार्मों,फरमा
pharmon,फार्मों,फरमों
farms,फार्म्स,फर्मस
finger,फिंगर,फिंगरर
fikra,फिक्र,फिकरर
physician,फिजिशियन,फिसिसियां
firti,फिरती,फर्ती
fisla,फिसला,फिस्ला
fislaa,फिसला,फिस्ला
feeder,फीडर,फीडर
fulaaye,फुलाए,फुलाए
fulae,फुलाए,फुलाई
fulay,फुलाए,फुले
furti,फूर्ति,फूर्ती
phurti,फूर्ति,फूर्ती
fus,फूस,फस
phoos,फूस,फूस
phus,फूस,फस
feka,फेका,फेका
fefada,फेफड़ा,फफफाड़ा
fefda,फेफड़ा,फेफ्डा
facial,फेशियल,फैसियल
fact,फैक्ट,फैक्ट
federal,फैडरल,फेडरल
failkar,फैलकर,फैलकर
failaaiye,फैलाइए,फैलाइए
failaea,फैलाइए,फैलाई
failaiya,फैलाइए,फैलाई
failaiye,फैलाइए,फैलाइए
failegi,फैलेगी,फैलेगी
font,फॉन्ट,फोंट
fogat,फोगाट,फोगत
phogat,फोगाट,फोगत
fod,फोड़,फोड़
phod,फोड़,फोड़
foda,फोड़ा,फोड़ा
fodaa,फोड़ा,फोड़ा
phoda,फोड़ा,फोड़ा
fode,फोड़े,फोड़े
phode,फोड़े,फोड़े
fodo,फोड़ों,फोडो
fodon,फोड़ों,फोडोों
phodo,फोड़ों,फोडो
fortis,फोर्टिस,फोर्टिस
fusion,फ्यूजन,फसीशन
fuji,फ्यूजी,फूजीीी
fyuji,फ्यूजी,फ्यूजीी
francisca,फ्रांसिस्का,फ्रांसिसिकास
franciska,फ्रांसिस्का,फ्रांसिसिका
fransiska,फ्रांसिस्का,फ्रांसिसिका
francisco,फ्रांसिस्को,फ्रैंसिसिको
francisko,फ्रांसिस्को,फ्रैंसिसिको
fransisko,फ्रांसिस्को,फ्रांसिसको
fringe,फ्रिंज,फ्रिंग
friendship,फ्रेंडशिप,फ्रींड्शिप
frost,फ्रॉस्ट,फ्रॉस्ट
flin,फ्लिन,फ्लिन
flynn,फ्लिन,फ्लिनन
flesh,फ्लेश,फ्लेश
bang,बंग,बंग
bung,बंग,बंग
bangbandhu,बंगबंधु,बंगबंधु
bangbhang,बंगभंग,बंगभांग
bangash,बंगश,बंगाश
bangsh,बंगश,बंगशश
bantane,बंटने,बंटने
bantne,बंटने,बंटने
bandhati,बंधती,बंधाती
bandhti,बंधती,बंधती
bandhan,बंधान,बंधन
bandhuon,बंधुओं,बंधुओं
bamba,बंबा,बांबा
mumba,बंबा,मुंबा
bakaayon,बकायों,बकायों
bakayon,बकायों,बकायों
bakaul,बकौल,बकौल
bakoul,बकौल,बकोल
baksa,बक्सा,बकसा
baksi,बक्सी,बकसीी
bakse,बक्से,बकसे
bakhshane,बख्शने,बख़शाने
bakhshne,बख्शने,बख़शने
bagad,बगड़,बगाद
bagd,बगड़,बागद
bageechi,बगीची,बगीची
bagichi,बगीची,बगीची
bachat,बचत,बचात
bachati,बचती,बचाती
bachti,बचती,बचती
bajana,बजना,बजना
bajrangi,बजरंगी,बजरंगी
bajaj,बजाज,बजजज
batalvi,बटालवी,बतलवी
badhachadhakar,बढ़ाचढ़ाकर,बढ़चाधकरा
badata,बढ़ाता,बदता
badhaataa,बढ़ाता,बढ़ाता
badhata,बढ़ाता,बढ़ता
badhaati,बढ़ाती,बढ़ाती
badhati,बढ़ाती,बढ़ती
badhayi,बढ़ायी,बढ़ाई
badhav,बढ़ाव,बढ़ाव
badhotari,बढ़ोतरी,बढ़ोतारी
badhotri,बढ़ोतरी,बढ़ोत्री
batlaae,बतलाए,बतलाई
batlaaye,बतलाए,बतलाए
batlae,बतलाए,बतलाई
batlaye,बतलाए,बटलाए
batlaakar,बतलाकर,बतलाकर
batlakar,बतलाकर,बतलककर
badlapur,बदलापुर,बदलापुर
badali,बदली,बदली
badli,बदली,बदली
badam,बदाम,बदम
banva,बनवा,बनवा
banvaa,बनवा,बनवा
banaam,बनाम,बनाम
banam,बनाम,बनाम
bnaam,बनाम,बनाम
baniya,बनिया,बनिया
banu,बनू,बानू
barpaayaa,बरपाया,बर्पाया
barpaya,बरपाया,बर्पाया
barsa,बरसा,बरसा
barsaata,बरसाता,बरसाता
barsaataa,बरसाता,बरसाता
barsata,बरसाता,बरसता
barhad,बरहद,बरहद
baraat,बरात,बरात
barat,बरात,बरात
braat,बरात,ब्राट
baraamad,बरामद,बरामद
baramad,बरामद,बरमाद
bramad,बरामद,ब्रमाद
baramade,बरामदे,बरामदे
baramde,बरामदे,बरामदे
bare,बरे,बारे
birth,बर्थ,बीर्थ
baljeet,बलजीत,बालजीत
baljit,बलजीत,बालजित
ballabh,बल्लभ,बललबभ
balla,बल्ला,बल्ला
balli,बल्ली,बललली
basava,बसावा,बसवा
bastiyon,बस्तियों,बस्तियों
bahroopiya,बहरूपिया,बहरूपियाई
bahrupiya,बहरूपिया,बहरुपिया
bahamaas,बहामास,बहमास
bahamas,बहामास,बहमास
bahaav,बहाव,बहाव
bahav,बहाव,बहाव
bhav,बहाव,भव
bahavalpur,बहावलपुर,बहावलपुरुप
bahawalpur,बहावलपुर,बहावलपुरुप
bahuchara,बहुचरा,बहुचारा
banthia,बांठिया,बंथिया
banthiya,बांठिया,बंथिया
bandhate,बांधते,बंधाते
bandhte,बांधते,बंधते
banbi,बांबी,बनबी
bombi,बांबी,बोमबी
bounceron,बाउंसरों,बाउंसरों
bowling,बाउलिंग,बोलिंग
baku,बाकू,बकु
bakuu,बाकू,बकुू
baag,बाग,बाग
bag,बाग,बाग
bagh,बाग,बाघ
bagabani,बागबानी,बगाबनी
bagbani,बागबानी,बगबबानी
bagali,बागली,बगली
bagli,बागली,बगली
baagiyon,बागियों,बागियों
bagiyon,बागियों,बगियों
baago,बागो,बागो
bago,बागो,बागो
baji,बाज़ी,बाजीी
bazi,बाज़ी,बाजीी
bajaru,बाजारू,बजारू
bazaru,बाजारू,बजारू
bajuon,बाजुओं,बजजूओं
badh,बाध,बढ़
badha,बाधा,बढ़ा
baadhaaon,बाधाओं,बाधाओं
baadhaon,बाधाओं,बाधाओं
badhaaon,बाधाओं,बढ़ाओं
badhaon,बाधाओं,बढ़ाओं
baadhit,बाधित,बाधित
badhit,बाधित,बढ़ित
baani,बानी,बानी
bani,बानी,बनीी
baapa,बापा,बापा
baapaa,बापा,बापा
bapa,बापा,बापा
bapaa,बापा,बापा
baabat,बाबत,बाबत
babat,बाबत,बबात
babt,बाबत,बबबत
bayern,बायर्न,बेयरन
byrun,बायर्न,ब्रुण
barah,बारह,बराह
baarahamaasee,बारहमासी,बारहमासीी
barahamasi,बारहमासी,बरहहमसी
barahmasi,बारहमासी,बरहहमासी
barahsinga,बारहसिंगा,बरहसिंगा
barasingha,बारहसिंगा,बरससिंह
bala,बाला,बाला
baalti,बाल्टी,बालती
balti,बाल्टी,बालती
balty,बाल्टी,बालती
baldvin,बाल्डविन,बाल्दवीं
baldwin,बाल्डविन,बाल्डविन
bavaji,बावजी,बवाजी
bavji,बावजी,बवजीी
baawaraa,बावरा,बावारा
bavra,बावरा,बववरा
bawara,बावरा,बावारा
baahulya,बाहुल्य,बाहुल्य
bahuly,बाहुल्य,बहुली
bahulya,बाहुल्य,बहुल्य
box,बाॅक्स,बोक्स
bikherati,बिखेरती,बिखरती
bikherti,बिखेरती,बिखरती
biggest,बिगेस्ट,बिगेजेस्ट
bichhua,बिछुआ,बिछुआ
bichhuaa,बिछुआ,बिछुआ
biji,बिजी,बीजीी
busy,बिजी,बसीी
buzy,बिजी,बुजी
bipin,बिपिन,बिपीन
bilae,बिलाई,बिलाई
bilai,बिलाई,बिलाई
billa,बिल्ला,बिल्ला
billaa,बिल्ला,बिलाा
bilhaur,बिल्हौर,बिलहौर
bisva,बिस्वा,बिस्व
biswa,बिस्वा,बिस्वा
bag,बीएजी,बाग
bikaner,बीकानेर,बिकनेर
bikaneri,बीकानेरी,बिकनेरी
bk,बीके,बी
beejak,बीजक,बीजक
bijak,बीजक,बिजक
beef,बीफ,बीफ
beem,बीम,बीम
bim,बीम,बीम
beemon,बीमों,बीमों
bimon,बीमों,बिमों
beerganj,बीरगंज,बीरगंज
birganj,बीरगंज,बिरगंज
beesavaan,बीसवां,बीसवां
bisavan,बीसवां,बिसवां
bisawan,बीसवां,बिसवां
beast,बीस्ट,बेस्ट
budvig,बुडविग,बुद्विग
budwig,बुडविग,बुद्विग
bull,बुल,बलल
bulaao,बुलाओ,बुलाओ
bulao,बुलाओ,बुलाओ
bule,बुले,बुले
bulletin,बुलेटिन,बुलेटिन
brijesh,बृजेश,ब्रीजेश
benvar,बेंवर,बेनवार
benwar,बेंवर,बेनवार
beaulad,बेऔलाद,बीलाल
bekaaboo,बेकाबू,बेकाबू
bekabu,बेकाबू,बेकबू
bechakar,बेचकर,बेचकर
bechkar,बेचकर,बेचकर
bechate,बेचते,बेचते
bechte,बेचते,बेचते
bediyan,बेड़ियां,बेडियां
bethanal,बेथनल,बेथनाल
bethnal,बेथनल,बेथनाल
benis,बेनिस,बेनिस
belacha,बेलचा,बेलचा
belcha,बेलचा,बेलचा
belinda,बेलिंडा,बेलिंदा
bevkufana,बेवकूफाना,बेवकुफना
bewakoofaanaa,बेवकूफाना,बेवकूफानाना
bewkufana,बेवकूफाना,बेवकुफना
besahaaraa,बेसहारा,बेसहारा
besahara,बेसहारा,बेसहरा
basin,बेसिन,बासन
besin,बेसिन,बेसिन
basil,बेसिल,बासिल
besil,बेसिल,बेसिल
bandage,बैंडेज,बंंडेज
bandej,बैंडेज,बंदेज
baithantey,बैठते,बैठनते
baithate,बैठते,बैठते
baitool,बैतूल,बैटूल
baitul,बैतूल,बैटूल
betul,बैतूल,बेटल
baini,बैनी,बैनीीी
beni,बैनी,बेनीी
bairakpur,बैरकपुर,बैरकपुर
barrackpore,बैरकपुर,बार्ककपोरर
baila,बैला,बैला
bella,बैला,बेलला
ballistic,बैलिस्टिक,बालिस्टिक
bells,बैल्स,बेल्स
bostan,बॉस्टन,बोस्टन
bosten,बॉस्टन,बोस्टें
boston,बॉस्टन,बोस्टन
bokaro,बोकारो,बोकरोो
bodara,बोदरा,बोदरा
bodra,बोदरा,बोदरा
bodraa,बोदरा,बोदरा
bona,बोना,बोना
borkar,बोरकर,बोरकर
borivali,बोरीवली,बोरीवाली
boriwali,बोरीवली,बोरीवाली
born,बोर्न,बोर्न
bolane,बोलने,बोलने
boliae,बोलिए,बोलिया
boliy,बोलिए,बोली
boliye,बोलिए,बोलिए
bosaan,बोसान,बोसान
bosan,बोसान,बोसन
bauni,बौनी,बौनी
bouni,बौनी,बौनी
byaawa,ब्यावर,ब्यावा
byavar,ब्यावर,ब्यावर
brajesh,ब्रजेश,ब्रजेश
brijesh,ब्रजेश,ब्रीजेश
brahmalin,ब्रह्मलीन,ब्रह्मालीन
brahmleen,ब्रह्मलीन,ब्रह्मलीन
brahmlin,ब्रह्मलीन,ब्रह्मलीन
bravo,ब्रावो,ब्रावो
brigatn,ब्रिगटन,ब्रागटन
brighton,ब्रिगटन,ब्राइटों
brigton,ब्रिगटन,ब्रिगटन
brigadier,ब्रिगेडियर,ब्रिगडीरर
britain,ब्रिटेन,ब्रिटें
breed,ब्रीद,ब्रीड
brock,ब्रोक,ब्रॉक
brok,ब्रोक,ब्रोक
broke,ब्रोक,ब्रोक
brocken,ब्रोकन,ब्रॉकन
broken,ब्रोकन,ब्रोकें
blosam,ब्लॉसम,ब्लोसम
blossom,ब्लॉसम,ब्लोसोम
bhagaane,भगाने,भगाने
bhagane,भगाने,भगने
bhadakaaya,भड़काया,भड़काया
bhadakaya,भड़काया,भड़काया
bhadkaayaa,भड़काया,भड़काया
bhadkaya,भड़काया,भड़काया
bharakaaya,भड़काया,भरकाया
bharakaya,भड़काया,भराकाया
bhabhoot,भभूत,भभूत
bhabhut,भभूत,भभूत
bhay,भय,भाय
bhaya,भय,भया
bhayo,भयो,भयो
bharatanatyam,भरतनाट्यम्,भरतानात्यम
bharatnatyam,भरतनाट्यम्,भरतनात्यम
bhartnatyam,भरतनाट्यम्,भर्तनात्यम
bharate,भरते,भरते
bharte,भरते,भरते
bharani,भरनी,भरणी
bharni,भरनी,भरनीी
bharane,भरने,भरने
bharne,भरने,भरने
bhara,भरा,भरा
bhavishya,भविष्य,भविष्य
bhaate,भाते,भाते
bhate,भाते,भटे
bhanu,भानू,भानु
bhabar,भाबर,भबर
bhareeye,भारीय,भरीय
bhariy,भारीय,भरीय
bhavanaon,भावनाओं,भवानाओं
bhavnaon,भावनाओं,भवनाओं
bhaskar,भास्कर,भस्कर
bheed,भीड़,भीड़
bheera,भीरा,भीरा
bhira,भीरा,भीरा
bheesham,भीष्म,भीषम
bhisham,भीष्म,भिषम
bhishm,भीष्म,भिष्म
bhugat,भुगत,भूगत
bhugata,भुगता,भूगता
bhugta,भुगता,भूगता
bhutto,भुट्टो,भूत्तो
bhumi,भुमि,भूमी
bhurbhura,भुरभुरा,भूरभूरा
bhookh,भूख,भूख
bhukh,भूख,भूख
bhookhi,भूखी,भूखी
bhukhi,भूखी,भूखी
bhoogol,भूगोल,भूगोल
bhugol,भूगोल,भूगोल
bhootal,भूतल,भूतल
bhutal,भूतल,भूताल
bhoopsingh,भूपसिंह,भूपसिंह
bhupsingh,भूपसिंह,भूपसिंह
bhumi,भूमी,भूमी
bhumika,भूमी,भूमिका
bhulata,भूलता,भूलता
bhulataa,भूलता,भूलता
bhulta,भूलता,भूलता
bhula,भूला,भूला
bhulaa,भूला,भूला
bhooli,भूली,भूली
bhuli,भूली,भूली
bhulo,भूलो,भूलो
bhulon,भूलों,भूलों
bhusi,भूसी,भूसी
bhooswaami,भूस्वामी,भूस्वामी
bhusvami,भूस्वामी,भूस्वामी
bhuswami,भूस्वामी,भूस्वामी
bhengapan,भेंगापन,भेंगपान
bhairavnath,भैरवनाथ,भैरवनाथ
bhairo,भैरो,भैरो
bhogatey,भोगते,भोगते
bhogte,भोगते,भोगते
bhola,भोला,भोला
bholi,भोली,भोली
bholu,भोलू,भोलू
bhaunho,भौंहों,भौनहों
bhaunhon,भौंहों,भौनहों
bhoonhon,भौंहों,भूनहों
bhraant,भ्रांत,भ्रांत
bhrant,भ्रांत,भ्रंत
brant,भ्रांत,ब्रांट
bhraanti,भ्रांति,भ्रांती
bhranti,भ्रांति,भ्रंती
branti,भ्रांति,ब्रांटी
bhraantiyan,भ्रांतियां,भ्रांतियां
bhrantiyan,भ्रांतियां,भ्रंतियां
bhraantiyon,भ्रांतियों,भ्रांतियों
bhrantiyon,भ्रांतियों,भ्रंतियों
mangesh,मंगेश,मंगेश
manch,मंच,मांच
manchit,मंचित,मांचित
mancheeye,मंचीय,मंचीये
manchiy,मंचीय,मांचीय
manchiya,मंचीय,मांचिया
manchon,मंचों,मांचों
manjil,मंजिल,मंजील
manzil,मंजिल,मंजील
manjila,मंजिला,मंजीला
manzila,मंजिला,मंजीला
manjilein,मंजिलें,मंजीलें
manjilen,मंजिलें,मंजीलें
manzilein,मंजिलें,मंजीलें
manto,मंटो,मंटो
mantriyon,मंत्रियों,मंत्रियों
makrani,मकरानी,मकरानीी
maksad,मक्सद,मकसाद
makhdumpur,मखदुमपुर,मखदुमपुर
machaaye,मचाए,मचाए
machae,मचाए,मचाई
machaye,मचाए,मचाए
machaanon,मचानों,मचानों
machanno,मचानों,मचननों
machano,मचानों,मचनों
machanon,मचानों,मचनों
madaura,मढ़ौरा,मदौरा
madhuara,मढ़ौरा,मधुआरा
madhura,मढ़ौरा,मधुरा
manipal,मणिपाल,मनीपाल
matpatron,मतपत्रों,मतपत्त्रों
matthe,मत्थे,मत्थे
matsyavatar,मत्स्यावतार,मातस्यवतर
matsyavtar,मत्स्यावतार,मात्स्वतार
masyendranath,मत्स्येंद्रनाथ,मस्येंद्राथ
matsyendranath,मत्स्येंद्रनाथ,मत्स्यंद्राथथ
madhupur,मधुपुर,मधुपुर
manmarji,मनमर्जी,मनममार्जी
manae,मनाए,मनाई
manaye,मनाए,मनाए
mnaey,मनाए,मनाई
mam,मम,माम
mum,मम,ममम
maryokar,मयोर्का,मारयोकर
mayorka,मयोर्का,मयोरका
mayorkaa,मयोर्का,मयोरका
mardaani,मरदानी,मरदानी
mardani,मरदानी,मरदानी
marmar,मरमर,मरमार
murmur,मरमर,मुरमुर
maratha,मराठा,मरथाा
marathi,मराठी,मरथी
marji,मर्जी,मरजीीी
mardanagi,मर्दानगी,मरदानगी
mardangi,मर्दानगी,मरदंगी
mardo,मर्दों,मार्डो
mardon,मर्दों,मरदों
maryaadaa,मर्यादा,मर्यादा
maryada,मर्यादा,मर्यादा
maryaadaaon,मर्यादाओं,मर्यादाओं
maryadaon,मर्यादाओं,मर्यादाओं
malaga,मलागा,मालगा
malaar,मलार,मालार
malar,मलार,मालर
mashrak,मशरक,मश्रक
masaaledaar,मसालेदार,मसालेदार
masaledaar,मसालेदार,मसलेदार
masaledar,मसालेदार,मसलेदार
masoor,मसूर,मसूर
masur,मसूर,मसूर
masse,मस्से,मससे
mahakane,महकने,महकने
mahakne,महकने,महकने
mahkane,महकने,महकने
mehkane,महकने,मेहकने
mahalon,महलों,महलों
mahlon,महलों,महलों
mahagranth,महाग्रंथ,महाग्रंथ
mhagranth,महाग्रंथ,महाग्रांथ
mahajan,महाजन,महजन
mhajan,महाजन,महाजन
mahathir,महाथिर,महाथिर
mhathir,महाथिर,महाथिर
mahanatam,महानतम,महानतम
mahantam,महानतम,महांतम
mhantam,महानतम,महांतम
mahanideshak,महानिदेशक,महानिदेशक
mahanirdeshak,महानिदेशक,महानिर्देशक
mhanideshak,महानिदेशक,महानिदेशक
mahapauron,महापौरों,महापारों
mhapauron,महापौरों,महापारों
mahapran,महाप्राण,महाप्रण
mhapran,महाप्राण,महाप्रण
mahamantr,महामंत्र,महामंत्र
mahamantra,महामंत्र,महामंत्र
mhamantra,महामंत्र,महामंत्र
maharaja,महाराजा,महाराजा
mahavigyan,महाविज्ञान,महाविज्ञान
mhavidyan,महाविज्ञान,महाविद्यान
mahavidya,महाविद्या,महाविद्य
mhavidya,महाविद्या,महाविद्य
mahavishnu,महाविष्णु,महाविष्णु
mahasingh,महासिंह,महासिंह
mahasinh,महासिंह,महासिंह
mahipal,महिपाल,महिपाल
mahin,महीन,महीन
mahinon,महीनों,महिनों
maang,मांग,मांग
mang,मांग,मंग
mangani,मांगनी,मंगानी
mangni,मांगनी,मंगनी
maanga,मांगा,मांगा
manga,मांगा,मंगा
maangi,मांगी,मांगी
mangi,मांगी,मंगी
maange,मांगे,मांगे
mange,मांगे,मंगे
mango,मांगो,मांगो
maori,माओरी,मारीी
maajin,माजिन,माजिन
majin,माजिन,मजीन
mathe,माथे,माथे
mathey,माथे,माथे
maap,माप,माप
map,माप,माप
mop,माप,मॉप
mamooli,मामूली,ममूली
mamuli,मामूली,मामूली
mame,मामे,मेम
maarvaad,मारवाड़,मारवाद
marvad,मारवाड़,मार्वाद
marwar,मारवाड़,मरवार
maariya,मारिया,मारिया
mariya,मारिया,मरिया
maariyo,मारियो,मारियो
mario,मारियो,मारियो
mariyo,मारियो,मारियो
martha,मार्था,मर्थ
maalish,मालिश,मालिश
malish,मालिश,मालिश
mave,मावे,मेवे
mavey,मावे,मेवे
maas,मास,मास
mas,मास,मास
mass,मास,मससस
maason,मासों,मासों
mason,मासों,मासों
mitaao,मिटाओ,मिटाओ
mitao,मिटाओ,मिटाओ
mithaai,मिठाई,मिठाईई
mithai,मिठाई,मिथाईईई
media,मिडिया,मेडिया
mithila,मिथिला,मिथिला
mithilanchal,मिथिलांचल,मिथिलांचल
mithya,मिथ्या,मिथ्य
mimicry,मिमिक्री,मिमिक्री
milkiyat,मिल्कियत,मिलकियत
misha,मिशा,मिशा
mungeri,मुंगेरी,मुंगेरी
mundva,मुंडवा,मुंडवा
mundwa,मुंडवा,मुंडवा
munshiganj,मुंशीगंज,मुंशिगंज
mukarte,मुकरते,मुकरते
mukartey,मुकरते,मुकरते
mukhopadhyaya,मुखोपाध्याय,मुखोपाध्ययय
mukhyopadhyaay,मुखोपाध्याय,मुख्योद्यायाय
mukhyamantri,मुख्यमंत्री,मुख्यमंत्री
munaf,मुनाफ,मुनफफ
munafa,मुनाफा,मुनफाफा
munnu,मुन्नू,मुन्नु
mufalisi,मुफलिसी,मुफालीसी
muflisi,मुफलिसी,मुफलीसी
mubarakpur,मुबारकपुर,मुबरकपुर
mubarkpur,मुबारकपुर,मुबर्कपुरुरु
murjha,मुर्झा,मुरझा
multae,मुल्ताई,मुलताई
multai,मुल्ताई,मुलताई
mushahid,मुशाहिद,मुशहहीद
muhavare,मुहावरे,मुहावरे
muhavre,मुहावरे,मुहावरे
mooth,मूठ,मूठ
muth,मूठ,मूथ
mood,मूड,मूद
mud,मूड,मुद
moodi,मूडी,मूड़ी
moody,मूडी,मूड्य
mool,मूल,मूल
mul,मूल,मुल
moolchand,मूलचंद,मूलचंदंदंंंद
mulchand,मूलचंद,मुलचंद
moolar,मूलर,मूलर
mular,मूलर,मुलर
muller,मूलर,मुलरर
moolon,मूलों,मूलों
mulon,मूलों,मूलों
maxico,मेक्सिको,मैक्सिको
mexico,मेक्सिको,मैक्सिको
mega,मेगा,मेगा
megapixal,मेगापिक्सल,मेगापिक्सास
megapixel,मेगापिक्सल,मेगापिक्सस
mejbaan,मेजबान,मेजबान
mejban,मेजबान,मेजबान
mezbaan,मेजबान,मेजबान
mejabani,मेजबानी,मेजबानी
mejbaani,मेजबानी,मेजबानी
mejbani,मेजबानी,मेजबानी
mezabani,मेजबानी,मेजबानी
mejbaan,मेज़बान,मेजबान
mejban,मेज़बान,मेजबान
mezbaan,मेज़बान,मेजबान
mejbaani,मेज़बानी,मेजबानी
mejbani,मेज़बानी,मेजबानी
mezbaani,मेज़बानी,मेजबानी
mate,मेट,माते
met,मेट,मेट
mates,मेट्स,मैट्स
medical,मेडीकल,मेडिकल
methanol,मेथेनॉल,मेथनोलल
menu,मेनू,मेनू
mem,मेम,मेम
melaghaat,मेलघाट,मेलगाटाटाटाट
melghat,मेलघाट,मेलघाट
melaanin,मेलानिन,मेलानिन
melanin,मेलानिन,मेलानिन
melaani,मेलानी,मेलानी
melani,मेलानी,मेलनी
maheman,मेहमान,महेमन
mehamaan,मेहमान,मेहमान
mehaman,मेहमान,मेहमान
mehmaan,मेहमान,मेहमान
mehman,मेहमान,मेहमान
meharaam,मेहराम,मेहराम
mehram,मेहराम,मेहरम
macbook,मैकबुक,मैकबूक
matix,मैट्रिक्स,मैटिक्स
matrix,मैट्रिक्स,मैट्रिक्स
mad,मैड,माद
made,मैड,मेड
maid,मैड,मैद
maddy,मैडी,माद्य
maidi,मैडी,मैदीी
main,मैन,मैन
man,मैन,मान
men,मैन,मेन
mainan,मैनन,मैनन
menon,मैनन,मेनों
manner,मैनर,मनननर
maina,मैना,मैना
maine,मैने,मैने
marrej,मैरेज,मररेज
marriage,मैरेज,मरराइजज
merraige,मैरेज,मररेज
maisachusets,मैसाचुसेट्स,मैसचुसेसेट्स
massachusetts,मैसाचुसेट्स,मस्चुसेसेत्स
maisor,मैसोर,मैसोर
maisore,मैसोर,मैसोरे
mysore,मैसोर,माइसोर
mod,मॉड,मोड
mode,मॉड,मोड़े
modern,मॉडर्न,मॉडर्न
module,मॉड्यूल,मोडुले
modules,मॉड्यूल्स,मोडलेस
modyuls,मॉड्यूल्स,मोड्युल्स
mauritious,मॉरिशस,मॉरिटिशस
mauritius,मॉरिशस,मॉरिटियस
mogali,मोगली,मोगली
mowgli,मोगली,मोगली
motive,मोटिव,मोटिवे
mol,मोल,मोल
mold,मोल्ड,मोल्ड
moshe,मोशे,मोशे
mosad,मोसाद,मोसद
mohana,मोहाना,मोहना
mohani,मोहानी,मोहनी
mohini,मोहिनी,मोहिनी
mohim,मोहिम,मोहिम
maukon,मौकों,मौकों
mauma,मौमा,मौमा
maurya,मौर्या,मौर्य
morya,मौर्या,मोर्य
maurya,मौर्यों,मौर्य
mauryon,मौर्यों,मौर्यों
moryon,मौर्यों,मोर्यों
maulaviyon,मौलवियों,मौलवियों
maulvidon,मौलवियों,मौलविदों
maulviyon,मौलवियों,मौलवियों
maule,मौले,मौले
mauley,मौले,मौले
mausa,मौसा,मौसा
yatn,यत्न,यातन
yatna,यत्न,यातना
yada,यदा,यादा
yda,यदा,यदा
yaduvansh,यदुवंश,यदुवंश
yaduwansh,यदुवंश,यदुवंश
jerusalem,यरूशलेम,जरुसलेम
yarooshaleim,यरूशलेम,यरूशालेम
yarushalem,यरूशलेम,यरुशललेम
yashpaal,यशपाल,यशपाल
yashpal,यशपाल,यशपाल
yaatna,यातना,यातना
yatna,यातना,यातना
yaatanaon,यातनाओं,यातनाओं
yatnaon,यातनाओं,यातनाओं
yarayan,यात्राएं,यारायन
yatraein,यात्राएं,यात्राएं
yatraen,यात्राएं,यात्राएं
yaariyan,यारियां,यारियां
yariyan,यारियां,यारियां
yaari,यारी,यारीी
yari,यारी,यारीी
yugam,युग्म,युगम
yugm,युग्म,युग्म
yuddhrat,युद्धरत,युद्धृतत
yudhrat,युद्धरत,युद्धरत
ukrainian,यूक्रेनियन,उक्राणियन
ukranian,यूक्रेनियन,उक्रणणियन
jerusalem,येरुशलम,जरुसलेम
yorker,यॉर्कर,योरकरर
yojanaein,योजनाएं,योजनाएं
yojanaen,योजनाएं,योजनाएं
yojanaye,योजनाएं,योजनाए
rangate,रंगते,रंगते
rangte,रंगते,रंगते
rangkata,रंजकता,रंगकता
ranjkatha,रंजकता,रणजकता
ranjkta,रंजकता,राजंकता
raees,रईस,राईसस
rais,रईस,रैस
raktaabh,रक्ताभ,रक्ताभ
raktabh,रक्ताभ,रक्तभभ
rakhna,रखना,रखना
raghupati,रघुपति,रघुपति
raghuram,रघुराम,रघुरम
registerd,रजिस्टर्ड,रिजिस्टर्ड
registered,रजिस्टर्ड,रिजिस्टरेड
ratanpur,रतनपुर,रतनपुर
runners,रनर्स,रुन्नर्स
rayan,रयान,रायन
ryan,रयान,रायन
ralhan,रल्हन,रालहन
ravish,रविश,रवीष
ravael,रवैल,रवैल
ravel,रवैल,रेवल
rawail,रवैल,रावैल
rasad,रसद,रसाद
rasaayanik,रसायनिक,रसायनिक
rasaayanika,रसायनिक,रसायनिका
rasayanika,रसायनिक,रसायनिका
rasyanik,रसायनिक,रस्यानिक
rasaayanon,रसायनों,रसायनों
rasayanon,रसायनों,रसायनों
rahamat,रहमत,रहमत
rahmat,रहमत,रहमत
rhamat,रहमत,रहमत
rahenge,रहेंगे,रहेंगे
rahegi,रहेगी,रहेगी
rounder,राउंडर,राउंडरर
raak,राक,राक
rak,राक,रक
raakhe,राखे,राखे
rakhe,राखे,रखे
raagon,रागों,रागों
ragon,रागों,रगों
raghavan,राघवन,रघघवान
raaj,राज,राज
raj,राज,राज
rajkot,राजकोट,राजकोट
rajtantra,राजतंत्र,राजतंत्र
raajneetikaran,राजनीतीकरण,राजनीतिकरण
rajneetikaran,राजनीतीकरण,राजनीतिकरण
rajnitikaran,राजनीतीकरण,राजनीतिकरण
rajma,राजमां,राजमा
rajman,राजमां,राजमान
raajasva,राजस्व,राजासवा
rajasva,राजस्व,राजासवा
raaji,राजी,राजीी
raji,राजी,राजीीी
rajinaama,राजीनामा,राजीनमा
rajinama,राजीनामा,राजीनमा
raajon,राजों,राजों
rajon,राजों,राजों
rana,राणा,रणना
raatrichar,रात्रिचर,रातृचारर
ratrichar,रात्रिचर,रतरिचारर
raadhe,राधे,राधे
radhe,राधे,राधे
ranapur,रानापुर,रणनपुर
rabin,राबिन,रबीन
robin,राबिन,रोबीन
rabha,राभा,रभा
ramkot,रामकोट,रामकोट
ramkote,रामकोट,रामकोट
ramtek,रामटेक,रामतेक
rampur,रामपुर,रामपुर
rambharose,रामभरोसे,रांभरोसे
rambharosey,रामभरोसे,रंभारोसे
ramraj,रामराज,रामराज
raalod,रालोद,रालोद
ralaud,रालोद,रालौड
ralod,रालोद,रालोड
ravaley,रावले,रवाले
ravle,रावले,रवले
rasayanik,रासायनिक,रसायनिक
racreation,रिक्रिएशन,रेक्रीशन
recreation,रिक्रिएशन,रिक्रेशन
rig,रिग,रिग
riggs,रिग्स,रिग्स
rigs,रिग्स,रिग्स
richual,रिचुअल,रिचुआल
ritual,रिचुअल,रिटल
reduction,रिडक्शन,रेडक्शन
ripan,रिपन,रिपन
ripon,रिपन,रिपों
ria,रिया,रिया
riya,रिया,रिया
rishte,रिश्ते,रिश्ते
rishtey,रिश्ते,रिश्ते
risane,रिसने,रिसने
risaney,रिसने,रिसने
risne,रिसने,रिसने
rihana,रिहाना,रहनाा
rihanna,रिहाना,रहननना
regal,रीगल,रेगल
rigal,रीगल,रिगल
reasonal,रीजनल,रिजोनल
regional,रीजनल,रेजियनल
retreate,रीट्वीट,रेटरीट
retweet,रीट्वीट,रेतवीत
reeta,रीता,रीता
rita,रीता,रिता
rukate,रुकते,रुकते
rukte,रुकते,रुकते
ruktey,रुकते,रुकते
rugan,रुग्ण,रूगण
rugna,रुग्ण,रूग्ना
ruganta,रुग्णता,रूगंता
rugnata,रुग्णता,रूग्नता
rojvelt,रुजवेल्ट,रोजवेल्ट
roojwelt,रुजवेल्ट,रूजवेल्ट
roosevelt,रुजवेल्ट,रूसेवेल्टल
rodolph,रुडोल्फ,रोडोल्फ
rudolf,रुडोल्फ,रुडोल्फ
rudolph,रुडोल्फ,रूडोल्फ
roopesh,रुपेश,रूपेश
rupesh,रुपेश,रूपेश
ruby,रुबी,रबी
roomani,रुमानी,रूमानी
rumani,रुमानी,रुमानी
rukavaton,रूकावटों,रुकावतोंों
root,रूट,रूट
route,रूट,रूटे
rooting,रूटिंग,रूटिंग
routine,रूटिंग,रूटिने
routing,रूटिंग,रूटिंग
roots,रूट्स,रूट्स
routes,रूट्स,रूटेस
roopak,रूपक,रूपक
rupak,रूपक,रूपक
roopi,रूपी,रूपीी
rupi,रूपी,रूपीी
rantle,रेंटल,रंटलल
rental,रेंटल,रेंटल
registan,रेगिस्तान,रेजिस्टन
registani,रेगिस्तानी,रेजिस्टनीन
reja,रेजा,रेजा
reza,रेजा,रेजा
rate,रेट,रते
rate,रेत,रते
ret,रेत,रेट
refaeli,रेफेली,रेफाली
refeli,रेफेली,रेफेली
reshe,रेशे,रेशे
reshey,रेशे,रेशे
race,रेस,रेस
rese,रेस,रेज
racer,रेसर,रेसरर
recer,रेसर,रेसरर
racing,रेसिंग,रिसिंग
reson,रेसों,रेसों
rehaana,रेहाना,रहहाना
rehana,रेहाना,रहना
racketeer,रैकेटियर,रैकेटीरीरीरी
racketier,रैकेटियर,रैकेटीरीररी
rectare,रैकेटियर,रेक्टर
radical,रैडिकल,राडिकल
raidical,रैडिकल,रैडिकल
raith,रैथ,रैथ
rapping,रैपिंग,रापिंग
wrapping,रैपिंग,रापपिंग
robertsan,रॉबर्टसन,रोबर्टसनासन
robertson,रॉबर्टसन,रोबर्टनसननसन
robinson,रॉबिंसन,रोबिंसों
royals,रॉयल्स,रोयलसस
rojlin,रोजलिन,रोजलिन
rozlyn,रोजलिन,रोजलिन
rotation,रोटेशन,रोटाशन
rodrigo,रोड्रिगो,रोड्रगो
ronaldo,रोनाल्डो,रोनालोों
ronit,रोनित,रोनिट
roni,रोनी,रोनी
ropane,रोपने,रोपने
ropaney,रोपने,रोपने
ropne,रोपने,रोपने
robin,रोबिन,रोबीन
roya,रोया,रोया
rollers,रोलर्स,रॉलर्स
rovan,रोवन,रोवण
rowan,रोवन,रोवण
rosario,रोसारियो,रोसरियो
rosariyo,रोसारियो,रोसरियों
raubadaar,रौबदार,रौबदार
raubadar,रौबदार,रौबदार
raubdar,रौबदार,रौबदार
landara,लंगड़ा,लंदराा
langada,लंगड़ा,लंगाड़ा
langda,लंगड़ा,लंगदा
langar,लंगर,लंगर
langaron,लंगरों,लंगारों
langron,लंगरों,लांग्रों
lambi,लंबी,लांबी
lakeer,लकीर,लेकीर
lakir,लकीर,लकीर
lakiron,लकीरों,लकीरों
lakme,लक्मे,लकमे
lakshmidhar,लक्ष्मीधर,लक्ष्मीधार
lakshmighar,लक्ष्मीधर,लक्ष्मीघरर
lakshy,लक्ष्य,लक्ष्य
lakshya,लक्ष्य,लक्ष्य
lakshyon,लक्ष्यों,लक्ष्यों
lux,लक्स,लुक्स
laksar,लक्सर,लक्सर
luxor,लक्सर,लुक्सर
lakhkhi,लख्खी,लखखखी
lagna,लगना,लगना
laganewale,लगनेवाले,लगनेवाले
lagnevaaley,लगनेवाले,लगनेवाले
lagnewale,लगनेवाले,लगनेवाले
lagega,लगेगा,लगेगा
lajjalu,लज्जालु,लजजजलु
latkate,लटकाते,लटकते
ladki,लड़की,लाड़की
ladate,लड़ते,लड़ते
ladte,लड़ते,लड़ते
ladaai,लड़ाई,लड़ाईई
ladai,लड़ाई,लड़ाईई
ladaaiyon,लड़ाईयों,लड़ाइयों
ladaeyon,लड़ाईयों,लड़ायों
ladaiyon,लड़ाईयों,लड़ाइयों
lapetane,लपेटने,लपेटने
lapetne,लपेटने,लेपेटने
labada,लबादा,लबादा
lbada,लबादा,लब्ाड़ा
labdh,लब्ध,लब्ध
lbdh,लब्ध,लब््ध
lalak,ललक,लालक
lalkarata,ललकारता,लालकरता
lalkarta,ललकारता,लालकर्ता
lalla,लल्ला,लालला
lavasa,लवासा,लवासा
lovasa,लवासा,लोवासा
lassi,लस्सी,लासी
lahanaa,लहना,लहना
lahna,लहना,लहना
lehna,लहना,लहनाा
lahraee,लहराई,लहराई
lahrai,लहराई,लहराई
lehrayi,लहराई,लहरायी
lahalhati,लहलहाती,लहालहटी
lahlahaati,लहलहाती,लहलहातीतित
lahlahati,लहलहाती,लहलहाती
lahsun,लहसुन,लहसून
lasoon,लहसुन,लासून
lanchar,लांचर,लंचचार
launcher,लांचर,लौंचेर
lycopene,लाइकोपिन,लिकोपेन
lime,लाइम,लिमे
lives,लाइव्स,लिवेस
live,लाईव,लिवे
laegi,लाएगी,लाएगी
lagataar,लागातार,लगातर
lagatar,लागातार,लगातर
laata,लाता,लाता
lata,लाता,लता
laati,लाती,लाती
lati,लाती,लती
layega,लायेगा,लेएगा
lalpur,लालपुर,लालपुर
las,लास्ट,लास
last,लास्ट,लास्ट
lindbhed,लिंगभेद,लिंडभेद
lingbhed,लिंगभेद,लिंगभेद
lindan,लिंडन,लिंडन
lindn,लिंडन,लिंडन
lindon,लिंडन,लिंडों
likhakar,लिखकर,लिखाकर
likhkar,लिखकर,लिखकर
ligar,लिगर,लिगरर
liger,लिगर,लिगरर
liberation,लिबरेशन,लिबेरेशनशन
libration,लिबरेशन,लिब्रेशन
liberation,लिब्रेशन,लिबेरेशनशन
libration,लिब्रेशन,लिब्रेशन
leaderon,लीडरों,लीडरों
leedaron,लीडरों,लीड़ारों
lidaron,लीडरों,लिड़ारों
liidaron,लीडरों,लिइडारों
louis,लुईस,लॉयस
luis,लुईस,लुईस
ludhakate,लुढ़कते,लुढ़कते
ludhkate,लुढ़कते,लुढ़कते
lurhakate,लुढ़कते,लुरहकते
lutf,लुत्फ,लुटफ
lumding,लुमडिंग,लुमडिंग
lootmaar,लूटमार,लूटमार
lootmar,लूटमार,लूटमार
landal,लेंडल,लांडल
lendal,लेंडल,लेनेडल
lega,लेगा,लेगा
legaa,लेगा,लेगा
letakar,लेटकर,लेटकार
letkar,लेटकर,लेटकर
lenevali,लेनेवाली,लेनेवाली
lenewali,लेनेवाली,लेनेवाली
label,लेबल,लबेल
labeling,लेबलिंग,लबेलिंग
labelling,लेबलिंग,लबेलिंग
labelo,लेबलों,लबेलोो
labelon,लेबलों,लबेलों
lebalon,लेबलों,लेबालों
lemon,लेमन,लेमोन
laingadan,लैंगडन,लैंगाडन
langdon,लैंगडन,लांगड़ों
lengdan,लैंगडन,लेंगड़न
laigikata,लैंगिकता,लैगिकता
laingikta,लैंगिकता,लैंगिकता
lanset,लैंसेट,लैंसेट
lenset,लैंसेट,लेंसेट
lairi,लैरी,लैरी
lairy,लैरी,लैयरी
larry,लैरी,लारी
lace,लैस,लेस
less,लैस,लेस
locket,लॉकेट,लोकेट
laundry,लॉन्ड्री,लौंड्री
longewal,लोंगोवाल,लोनगेवाल
longewala,लोंगोवाल,लोंगेवाला
longoval,लोंगोवाल,लोनगोवाल
log,लोग,लोग
loge,लोगे,लोगे
lochdar,लोचदार,लोचड़र
lodi,लोदी,लोडी
laurence,लौरेंस,लॉरेंस
laurens,लौरेंस,लॉरेंस
laurense,लौरेंस,लॉरेंस
wonder,वंडर,वंंडर
vansh,वंश,वंश
vanshdhar,वंशधर,वंशदार
vanshavad,वंशवाद,वंशावाद
vanshvaad,वंशवाद,वंश्वाद
vanshvad,वंशवाद,वंश्वाद
wanshwad,वंशवाद,वंशवाद
vajood,वजूद,वजूद
vajud,वजूद,वजुद
wajood,वजूद,वजूद
vadali,वडाली,वादली
vadli,वडाली,वादली
wadali,वडाली,वादली
vanita,वनिता,वनीता
vareinye,वरेण्य,वरीने
varenya,वरेण्य,वरेन्य
varn,वर्ण,वर्न
varna,वर्ण,वर्ना
varnit,वर्णित,वर्नित
vartamaan,वर्तमान,वर्तमान
vartaman,वर्तमान,वर्तमान
vartmaan,वर्तमान,वर्तमान
vartman,वर्तमान,वर्तमान
varddhaman,वर्द्धमान,वर्द्धमान
vardhmaan,वर्द्धमान,वर्धमान
vardhman,वर्द्धमान,वर्धमान
verbal,वर्बल,वर्बल
varshan,वर्शन,वर्षण
vasharan,वर्शन,वशरण
vershan,वर्शन,वर्षण
version,वर्शन,वर्सियन
varsaache,वर्साचे,वरसाचे
varsaryache,वर्साचे,वर्सर्यचे
vasearche,वर्साचे,वाीरचे
valkan,वल्कन,वालकन
valkkan,वल्कन,वालककन
velkan,वल्कन,वेलकन
vash,वश,वाश
vashikaran,वशीकरण,वाषिकरण
vaangchuk,वांगचुक,वांगचुक
vangchuk,वांगचुक,वंंचचुक
wangchuk,वांगचुक,वंंचचुक
want,वांट,वंंट
vije,वाइज,विजे
vise,वाइज,विज
wise,वाइज,वाइस
vatar,वाटर,वातर
water,वाटर,वेटरर
watson,वाटसन,वाटससन
wattson,वाटसन,वाट्सन
vaan,वाण,वान
waan,वाण,वान
vaanon,वाणों,वानों
vanon,वाणों,वनों
wanon,वाणों,वानों
vatanukulan,वातानुकूलन,वातनुकुलन
watanukoollan,वातानुकूलन,वाटनुकूलनुला
vaadak,वादक,वादक
vadak,वादक,वादक
vaadiyon,वादियों,वादियों
vadiyon,वादियों,वादियों
wadiyon,वादियों,वादियों
vayana,वायना,वायना
vayna,वायना,वायना
wayna,वायना,वायना
wireless,वायरलेस,वायरलेस
wirerless,वायरलेस,वरर्लेसस
warrior,वारियर्स,वारियर
warriors,वारियर्स,वारियर्स
valve,वाल्व,वाल्वे
wolv,वाल्व,वॉलव
vastavik,वास्तविक,वास्ताविक
vastvik,वास्तविक,वास्त्विक
vaahikayen,वाहिकाएं,वाहिकाएं
vahikayen,वाहिकाएं,वहिकाएं
wahikayan,वाहिकाएं,वाहिकाएं
winter,विंटर,वंटरर
vincent,विंसेंट,विंसेंट
vikalpon,विकल्पों,विकालपों
wicket,विकेट,विकेट
vikramjeet,विक्रमजीत,विक्रमजीत
vikramjit,विक्रमजीत,विक्रमजित
vichaarakon,विचारकों,विचारकों
vicharakon,विचारकों,विचारकों
vigyan,विज्ञान,विज्ञान
vigyaani,विज्ञानी,विज्ञानी
vigyani,विज्ञानी,विज्ञानी
vigyaanon,विज्ञानों,विज्ञानों
vigyanon,विज्ञानों,विज्ञानों
vitthal,विट्ठल,वित्थल
viththal,विठ्ठल,विथ्ठाल
vitthal,विठ्ठल,वित्थल
vitark,वितर्क,वितरक
vidhaaein,विद्याएं,विधाएं
vidyaayein,विद्याएं,विद्याएं
vidyaen,विद्याएं,विद्याएं
vidhaaon,विद्याओं,विधाओं
vidyaaon,विद्याओं,विद्याओं
vidyaon,विद्याओं,विद्याओं
vidhansabhaein,विधानसभाएं,विधानसभाएं
vidhansabhaen,विधानसभाएं,विधानसभाएं
vidhivat,विधिवत,विधिवत
vidhut,विधुत,विधुत
vinasht,विनष्ट,विनाष्ट
vineet,विनीत,विनीत
vinit,विनीत,विनित
vipreetataa,विपरीतता,विप्रीता
vipritata,विपरीतता,विप्रतता
vipra,विप्रा,विप्र
vipro,विप्रो,विप्रो
wipro,विप्रो,विप्रो
vibha,विभा,विभा
vibhajak,विभाजक,विभाजक
vibhram,विभ्रम,विभ्रम
vibhrm,विभ्रम,विभ्म
vibram,विभ्रम,विब्रम
vimarsh,विमर्श,विमार्श
vimarsho,विमर्शों,विमार्शो
vimarshon,विमर्शों,विमार्षों
virajati,विराजती,विराजती
virechan,विरेचन,विरेचन
virodh,विरोध,विरोध
virodhabhasi,विरोधाभासी,विरोधाभासी
virodhabhason,विरोधाभासों,विरोधाभासों
vividh,विविध,विविध
vivekahin,विवेकहीन,विवेकाहीन
vivekheen,विवेकहीन,विवेखीन
visheshan,विशेषण,विशेषण
visheshanon,विशेषणों,विशेषणों
visheshaadhikaar,विशेषाधिकार,विशेषाधिकार
visheshadhikar,विशेषाधिकार,विशेषाधिकार
vishwasaniy,विश्वसनीय,विश्वसनीय
vishwasniiya,विश्वसनीय,विश्वसनीय
vishwasaniyata,विश्वसनीयता,विश्वसनीयता
vishwasniiyataa,विश्वसनीयता,विश्वसनीयता
vishahin,विषहीन,विशहहीन
vishhin,विषहीन,विश्ीन
vishanu,विष्णु,विशानु
vishnu,विष्णु,विश्नु
vlc,वीएलसी,वीसीसीी
weeks,वीक्स,वीक्स
veerchand,वीरचंद,वीरचंद
virchand,वीरचंद,विरचंद
veeresh,वीरेश,वीरेश
viresh,वीरेश,विरेश
vritton,वृत्तों,वृत्तों
vruton,वृत्तों,वृतों
vrutton,वृत्तों,वृत्तों
venkataraman,वेंकटरमन,वेंकटरमण
venkatraman,वेंकटरमन,वेंकटरमण
ved,वेड,वेद
wade,वेड,वाडे
wed,वेड,वेद
wedding,वेडिंग,वेदिंग
vediyon,वेदियों,वेदियों
vedon,वेदों,वेदों
venezuela,वेनेजुएला,वेनेजुला
veronica,वेरोनिका,वरोनिकाा
veronika,वेरोनिका,वरोनिका
weronika,वेरोनिका,वरोनिका
velvet,वेलवेट,वेलवेट
welwet,वेलवेट,वेलवेट
welder,वेल्डर,वेल्डरर
weldor,वेल्डर,वेल्डरर
welding,वेल्डिंग,वेलिंग
wealth,वेल्थ,वील्थ
vellur,वेल्लूर,वेल्लर
velur,वेल्लूर,वेलुर
vesh,वेश,वेश
wasting,वेस्टिंग,वास्टिंग
westing,वेस्टिंग,वेस्टिंग
wastinghouse,वेस्टिंगहाउस,वास्तिंहोसस
westinghouse,वेस्टिंगहाउस,वेस्टिंहोसिस
vaisley,वेस्ले,वैसले
vesle,वेस्ले,वेसल
wesle,वेस्ले,वेसल
vaigyaanik,वैज्ञानिक,वैग्यानिक
vaigyanik,वैज्ञानिक,वैग्यानिक
vegyanik,वैज्ञानिक,वेज्ञानिक
vaigyaanikta,वैज्ञानिकता,वैग्यानिकता
vaigyanikata,वैज्ञानिकता,वैग्यानिकता
vaigyanikta,वैज्ञानिकता,वैग्यानिकता
vaitravati,वैत्रवती,वैत्रवती
vaitrawati,वैत्रवती,वैत्रवती
vaimanasy,वैमनस्य,वैमानसी
vaimanasya,वैमनस्य,वैमानस्य
vaimanya,वैमनस्य,वैमान्य
very,वैरी,वेरी
vaisaakh,वैशाख,वैसाख
vaishakh,वैशाख,वैशक
vaishaakhi,वैशाखी,वैशाखी
vaishakhi,वैशाखी,वैशकी
vaishnodevi,वैष्णोदेवी,वैशनोदेवी
vyaktigat,व्यक्तिगत,व्यक्तिगत
vyagr,व्यग्र,व्याग्र
vyagra,व्यग्र,व्याग्र
vyatit,व्यतीत,व्यातित
vytit,व्यतीत,व्यतित
vyabhichar,व्यभिचार,व्यभभाचार
vyabhichari,व्यभिचार,व्यभभारी
vyavadhan,व्यवधान,व्यवधान
vyavdhan,व्यवधान,व्यवधान
vyavahargat,व्यवहारगत,व्यवहारगत
vyvhargat,व्यवहारगत,व्व्रगगत
vyaghat,व्याघात,व्याघात
vyapak,व्यापक,व्यापक
vlad,व्लाद,व्लाद
wlaad,व्लाद,व्लाद
vladimir,व्लादिमीर,व्लादिमिर
shanghai,शंघाई,शंघाईईई
shatpath,शतपथ,शत्पाथ
shanivar,शनिवार,शानीवार
shaniwar,शनिवार,शानीवार
shabana,शबाना,शबनना
shbana,शबाना,शबनना
shabdarth,शब्दार्थ,शब्दर्थ
shamadan,शमादान,शमादन
shmadan,शमादान,शमदन
shamitabh,शमिताभ,शमीताभ
shamil,शमिल,शमील
shmil,शमिल,शमील
sharabon,शराबों,शरबों
shrabon,शराबों,श्रबों
shararat,शरारत,शररत
shrart,शरारत,श्रारत
sharmana,शर्माना,शर्मना
shaharwasiyon,शहरवासियों,शहरवासियोंं
shahrvasiyon,शहरवासियों,शहर्वासियों
shervasiyon,शहरवासियों,शेरवासियों
shahdara,शहादरा,शहदारा
shaantikaal,शांतिकाल,शांतिकाल
shantikal,शांतिकाल,शांतिकाल
shaao,शाओ,शाओ
shao,शाओ,शाओ
shaakir,शाकिर,शाकीर
shakir,शाकिर,शकीरर
shaakhaaen,शाखाएं,शाखाएं
shakhayan,शाखाएं,शख्ायन
shakhayen,शाखाएं,शखाएं
shayak,शायक,शयक
shaavakon,शावकों,शावकों
shavakon,शावकों,शवाकों
shavkon,शावकों,शवकों
shaasaka,शासक,शासका
shasak,शासक,शासक
sasakon,शासकों,ससकों
shaasakon,शासकों,शासकों
shasakon,शासकों,शासकों
shipra,शिप्रा,शिप्र
shirke,शिर्के,शिरके
sheershakon,शीर्षकों,शीर्षकों
shirshakon,शीर्षकों,शिर्षकों
shirshkon,शीर्षकों,शिर्कों
shujaat,शुजात,शुजात
shujat,शुजात,शुजत
shooting,शुटिंग,शूटिंग
shutting,शुटिंग,शट्टिंग
should,शुड,शौल्ड
shud,शुड,शुद
shubhankar,शुभंकर,शुभनकार
shumaali,शुमाली,शुमाली
shumali,शुमाली,शुमाली
shringaar,शृंगार,श्रींगार
shringar,शृंगार,श्रींगरर
shrungar,शृंगार,श्रुंगरर
sheling,शेलिंग,शेलिंग
shelling,शेलिंग,शेलिंग
shaili,शैली,शैली
shaly,शैली,शाली
sheli,शैली,शेली
shaishav,शैशव,शैशव
sean,शॉन,सीन
shaun,शॉन,शौन
shawn,शॉन,शवन
short,शोर्ट,शोर्ट
sure,श्योर,सुरे
shrankhala,श्रंखला,श्रंखलाा
shrankhalaa,श्रंखला,श्रंखलाा
shrunkhla,श्रंखला,श्रुंखला
shrankhalaaon,श्रंखलाओं,श्रणखलाओंओ
shrinkhalaon,श्रंखलाओं,श्रींखलाओं
shrunkhlaon,श्रंखलाओं,श्रुंखलाओं
shravani,श्रावणी,श्रवानी
shrikar,श्रीकर,श्रीकरर
shrikhand,श्रीखंड,श्रीखंड
shrimati,श्रीमति,श्रीमति
shriram,श्रीराम,श्रीरम
sriram,श्रीराम,स्रीरम
shrotaon,श्रोताओं,श्रोताओं
shat,षट्,शत
sankhyaein,संख्याएं,संख्याएं
sankhyaen,संख्याएं,संख्याएं
sankhyayen,संख्याएं,संख्याएं
sanghanit,संघनित,संघानित
sanghnit,संघनित,संघनीत
sanchayan,संचयन,संचायन
sanchar,संचार,संचचार
sanchaari,संचारी,संचारी
sanchari,संचारी,संचारी
sanchalanon,संचालनों,संचालनों
sanchalnon,संचालनों,संचालनों
sanjay,संजय,संजय
sanjeevan,संजीवन,संजीवन
sanjivan,संजीवन,संजीवन
santati,संतति,संततती
sandarbh,संदर्भ,संदर्भ
sandarbha,संदर्भ,संदर्भा
sandrbh,संदर्भ,संद्रभ
sandarbhon,संदर्भों,संदर्भों
sandrbhon,संदर्भों,संद्रभों
sandali,संदली,संडाली
sandli,संदली,संदली
sandhan,संधान,संधन
samprati,संप्रति,संप्रति
samprti,संप्रति,संप्ति
samprabhu,संप्रभु,संप्रभू
samprbhu,संप्रभु,संप्रभू
samprabhuta,संप्रभुता,संप्रभूता
samprbhuta,संप्रभुता,संप्रभूता
sambit,संबित,संबित
sambhalane,संभालने,संभालने
sambhalne,संभालने,संभालने
sambhrant,संभ्रांत,संभरंत
sanbharnt,संभ्रांत,संभारंत
sanyog,संयुक्त,संयोग
sanyukt,संयुक्त,संयुक्त
sanyukta,संयुक्त,संयुक्त
sanyukta,संयुक्ता,संयुक्त
sanyogvash,संयोगवश,संयोगवाश
sanyojan,संयोजन,संयोजन
sanyojanon,संयोजनों,संयोजनों
sanyojnon,संयोजनों,संयोजनों
samvedikaran,संवेदीकरण,संवेदिकरण
sanvedikaran,संवेदीकरण,संवेदिकरण
samshayon,संशयों,समशायों
sanshayon,संशयों,संशायों
sanshyon,संशयों,संश्यों
sanskaar,संस्कार,संस्कार
sanskar,संस्कार,संस्कर
sanskaari,संस्कारी,संस्कारी
sanskari,संस्कारी,संस्करी
sanskrit,संस्कृत,संस्कृत
sanskurt,संस्कृत,संस्कुर्त
sanskritiyan,संस्कृतियां,संस्कृतियां
sanskrutiyan,संस्कृतियां,संस्कृतियां
sanskritiyon,संस्कृतियों,संस्कृतियोंं
sanskrutiyon,संस्कृतियों,संस्कृतियोंं
sanasthit,संस्थित,सानस्थित
sansthit,संस्थित,संस्थित
sanasthita,संस्थिता,सानस्थिता
sansthita,संस्थिता,संस्थिता
sakara,सकरा,सककरा
sakra,सकरा,सकरा
sakshan,सक्शन,सक्षण
suction,सक्शन,सुक्शन
sacchidanand,सच्चिदानंद,सच्चिदनंदनंंं
sachhidanand,सच्चिदानंद,सच्छिदानंदंं
sachidanand,सच्चिदानंद,सचीदानंद
sajja,सज्जा,सजजा
sat,सत,सतट
satpal,सतपाल,सत्पाल
satluj,सतलुज,सतलुज
sataane,सताने,सताने
satane,सताने,सतने
sate,सते,सते
satti,सत्ती,सत्ती
satvat,सत्वत,सत्वत
sadanand,सदानंद,सदानंद
sapane,सपने,सपने
sapne,सपने,सपने
sapney,सपने,सपने
saparivaar,सपरिवार,सपरीवार
sapariwar,सपरिवार,सपरिवार
sparivar,सपरिवार,स्परीवार
sapaat,सपाट,सपात
sapat,सपाट,सपत
sapate,सपाटे,सपते
sapatey,सपाटे,सपते
saptakranti,सप्तक्रांति,सप्तकरंति
saptkraanti,सप्तक्रांति,सप्तकृंति
saptapadi,सप्तपदी,सप्तपादी
saptpadi,सप्तपदी,सप्तपादी
saptari,सप्तरी,सप्तरी
sapramaan,सप्रमाण,सप्रमाण
sapraman,सप्रमाण,सप्रमण
submit,सबमिट,सुब्मित
sabmission,सबमिशन,सबमिसिशन
submission,सबमिशन,सब्मिशन
sabhaein,सभाएं,सभाईएंं
sabhaen,सभाएं,सभाएं
sabhayen,सभाएं,सभाएं
sabhen,सभाएं,सभें
sabhasadon,सभासदों,सभासदों
sabhyata,सभ्यता,सभ्यता
samjhoonga,समझूंगा,समझूगा
samjhunga,समझूंगा,समझुंगा
samjhungaa,समझूंगा,समझुंगा
saman,समन,समन
samanvayaka,समन्वयक,समनवायका
samanwayaka,समन्वयक,समनवायका
samnvyak,समन्वयक,समन्व्यक
samaadhaan,समाधान,समाधान
samadhan,समाधान,समाधन
samadhiyon,समाधियों,समाधियों
samadjiyon,समाधियों,समादजियों
samalakha,समालखा,समलखा
samalakhaa,समालखा,समलखा
samahaar,समाहार,समहार
samahar,समाहार,समहर
samitiyan,समितियां,समीतियां
sametati,समेटती,समेतती
sametti,समेटती,समेत्ति
sarka,सरका,सर्का
sarkaa,सरका,सर्का
sarkarein,सरकारें,सर्करें
sarkaren,सरकारें,सर्करें
sarkaaron,सरकारों,सर्कारों
sarkaron,सरकारों,सर्कारों
sargana,सरगना,सरगना
sarganaon,सरगनाओं,सर्गानाओं
sargi,सरगी,सरगी
sarguja,सरगुजा,सर्गुजा
sarjuga,सरगुजा,सर्जुगा
sarsa,सरसा,सरसा
sarsaa,सरसा,सरसा
sarahind,सरहिंद,सरहहंद
sarhind,सरहिंद,सरहिंद
sirhind,सरहिंद,सिरहिंद
saraaha,सराहा,सराहा
saraha,सराहा,सरहहा
saraahi,सराही,सराही
sarahi,सराही,सरहही
salaahkar,सलाहकार,सलाहकर
salahkaar,सलाहकार,सलाहकार
salahkar,सलाहकार,सलाहकर
saleeb,सलीब,सलीब
salib,सलीब,सालिब
select,सलेक्ट,सेलेक्ट
saltanat,सल्तनत,सलतानात
saltnat,सल्तनत,सलत्नात
savaal,सवाल,सवाल
saval,सवाल,सवाल
sawaal,सवाल,सवाल
sawal,सवाल,सवाल
sahakalaakar,सहकलाकार,सहकालकरककर
sahakalakar,सहकलाकार,सहकालकर
sahkalakar,सहकलाकार,सहकालकर
sahadev,सहदेव,सहदेव
sahdev,सहदेव,सहदेव
sahrawat,सहरावत,सहरावत
sherawat,सहरावत,शेरावत
sahooliyata,सहूलियत,सहूलियता
sahuliyat,सहूलियत,सहुलियत
sahuuliyata,सहूलियत,सहुलियता
saanketika,सांकेतिक,सांकेतिका
sanketik,सांकेतिक,संकेतिक
saimans,साइमंस,सैमांस
simmons,साइमंस,सिममंस
symons,साइमंस,सिमोंस
saima,साइमा,सैमा
sagarika,सागरिका,सगरीका
sagrika,सागरिका,साग्रिका
saga,सागा,सागा
saajan,साजन,साजन
sajan,साजन,सजन
saajsajja,साजसज्जा,साजसजजज
sajsajja,साजसज्जा,सजसजजज
saja,साजा,सजा
saathsaath,साथसाथ,साथसाथ
sathsath,साथसाथ,सथस्थ
sathiya,साथिया,साथिया
saabah,साबाह,साबह
sabah,साबाह,सबाह
samanjasy,सामंजस्य,समनजास्य
samanjasya,सामंजस्य,समनजास्य
samoa,सामोआ,समोो
samoaa,सामोआ,समोा
saayn,सायं,सायन
sayan,सायं,सयान
saym,सायं,सैम
saira,सायरा,सैरा
sayara,सायरा,सययरा
sayra,सायरा,सायरा
salve,साल्वे,सालवे
sahab,साहब,सहब
singapore,सिंगापुर,सिंगापोर
singaar,सिंगार,सिंगार
singar,सिंगार,सिंगर
singer,सिंगार,सिंगरर
singhaadey,सिंघाड़े,सिंघादे
singhade,सिंघाड़े,सिंघाडे
singhde,सिंघाड़े,सिंहदे
singhre,सिंघाड़े,सिंघरे
singhi,सिंघी,सिंघी
singha,सिंहा,सिंघा
sinha,सिंहा,सिंहा
siera,सिएरा,सियरा
sierra,सिएरा,सियररा
sikud,सिकुड़,सिकुड़
signals,सिगनल्स,सिग्नललस
cigaretton,सिगरेटों,सिगरेटनटों
cigretton,सिगरेटों,सिग्रेटन
siddhivat,सिद्धवट,सिद्धिवत
siddhvat,सिद्धवट,सिद्धवत
siddhwat,सिद्धवट,सिद्धवत
sinabang,सिनाबंग,सिनाबंग
synapse,सिनेप्स,सिनापेस
sipah,सिपाह,सिपह
sipaha,सिपाह,सिपहा
sipahiyon,सिपाहियों,सिपहहियों
sipahi,सिपाही,सिपही
sim,सिम,सीम
simat,सिमट,सिमात
simatataa,सिमटता,सिमतता
simatta,सिमटता,सिमत्ता
simtata,सिमटता,सिमतता
simtataa,सिमटता,सिमतता
cement,सिमटे,सेमेंट
simate,सिमटे,सिमते
simi,सिमी,सिमी
simmy,सिमी,सिमी
sims,सिम्स,सिम्स
siyasi,सियासी,सियासी
siyah,सियाह,सियह
siyaha,सियाह,सियहा
sirpur,सिरपुर,सिरपुर
sivan,सिवान,सिवन
siwan,सिवान,सिवान
sisva,सिसवा,सिस्व
siswa,सिसवा,सिस्वा
cil,सीआईएल,सिल
csi,सीएसआई,सीसीईीई
sikar,सीकर,सिकर
seaten,सीटें,सीतें
sitaram,सीताराम,सितरम
sitaharan,सीताहरण,सिताहरण
cpm,सीपीएम,सीपीएम
cps,सीपीएस,सीपीएस
cbse,सीबीएसई,सीबीएस
seem,सीम,सीम
sim,सीम,सीम
sealed,सील्ड,सीलेड
shield,सील्ड,शिल्ड
ccd,सीसीडी,सीडीडीीी
sugamata,सुगमता,सुगमता
sugmta,सुगमता,सुगमता
sujan,सुजेन,सुजन
sujen,सुजेन,सुजें
suken,सुजेन,सुकें
sujain,सुजैन,सुजाइन
sujhaati,सुझाती,सुझाती
sujhati,सुझाती,सुझाती
sutali,सुतली,सुताली
sutli,सुतली,सुतली
suta,सुता,सूता
sdueep,सुदीप,स्दूप
sudip,सुदीप,सुदिप
sudhaargrah,सुधारगृह,सुधारग्रह
sudhargrih,सुधारगृह,सुधारग्री
sudhargruh,सुधारगृह,सुधारग्रह
sunaaron,सुनारों,सुनारों
sunaron,सुनारों,सुनारों
sunaseer,सुनासीर,सुनासीर
sunasir,सुनासीर,सुनासिर
suneeti,सुनीति,सुनीति
suniti,सुनीति,सुनीति
sunega,सुनेगा,सुनेगा
suneyga,सुनेगा,सुनेगा
superhit,सुपरहिट,सुपरहित
supachy,सुपाच्य,सुपाच्य
supachya,सुपाच्य,सुपच्य
supachye,सुपाच्य,सुपाच्य
subhaay,सुभाय,सुभाय
subhay,सुभाय,सुभा
surveen,सुरवीन,सुर्वीन
survin,सुरवीन,सुर्वीन
surana,सुराणा,सुरना
sulkhan,सुलखान,सुलखान
suljaayi,सुलझाई,सुलझाई
suljayi,सुलझाई,सुलझाई
suljhai,सुलझाई,सुलझाई
sulzai,सुलझाई,सुलझाई
sultana,सुलताना,सुलताना
sulaati,सुलाती,सुलाती
sulati,सुलाती,सुलती
susanskrit,सुसंस्कृत,सुसंसंकृत
susanskrut,सुसंस्कृत,सुसंसंकृत
suhagin,सुहागिन,सुहागिन
soond,सूंड़,सूंद
sund,सूंड़,सुंड
suiyan,सूइयां,सुईएं
sukhati,सूखती,सुखती
sukhti,सूखती,सुखती
sukhakar,सूखाकर,सुखाकर
soochak,सूचक,सूचक
suchak,सूचक,सुचक
sooja,सूजा,सूजा
suja,सूजा,सुजा
suba,सूबा,सुबा
sube,सूबे,सुबे
sooraj,सूरज,सूरज
suraj,सूरज,सुराज
surinaam,सूरीनाम,सुरीनाम
surinama,सूरीनाम,सुरीनमा
suriname,सूरीनाम,सुरीनमे
suryadev,सूर्यदेव,सुर्यादेव
sendha,सेंधा,सेंधा
senvai,सेंवई,सेनवाईई
sevai,सेंवई,सेवाईईई
sensing,सेंसिंग,सेंसिंग
sexual,सेक्सुअल,सेक्सल
saturday,सेटरडे,सतुर्दय
seti,सेटी,सेतीी
seto,सेटो,सेतो
seth,सेथ,सेथ
safety,सेफ्टी,सफेटी
semen,सेमिन,सेमें
semin,सेमिन,सेमिन
self,सेल्फ,सेल्फ
selfie,सेल्फी,सेलफफी
save,सेव,सवे
sev,सेव,सेव
sevakon,सेवकों,सेवाकों
sevkon,सेवकों,सेवकों
samuels,सैम्युल्स,सममुल्स
celery,सैलरी,सेलरी
salary,सैलरी,सालरी
sakar,सॉकर,साकर
socar,सॉकर,सोकर
soccer,सॉकर,सोक्सरर
songs,सॉन्ग्स,सोंग्स
solicitor,सॉलिसिटर,सोलिसिटोरर
sochane,सोचने,सोचने
sochne,सोचने,सोचने
sonu,सोनू,सोनु
soma,सोमा,सोमा
spma,सोमा,स्पा
somi,सोमी,सोमी
soy,सोय,सोय
soya,सोया,सोया
solitaire,सोलिटेयर,सोलिटेयर
soharai,सोहराई,सोहराई
sohrai,सोहराई,सोहराईई
sohaval,सोहावल,सोहवाल
sohawal,सोहावल,सोहवाल
saunpane,सौंपने,सौनपने
sonpne,सौंपने,सोनपने
scala,स्काला,स्केला
skala,स्काला,स्काला
ski,स्की,स्कीीी
scootaron,स्कूटरों,स्कूटरों
scooteron,स्कूटरों,स्कूटरों
skootaron,स्कूटरों,स्कूटरों
scandinavia,स्कैंडिनेविया,स्कैंडिनववीया
scaining,स्कैनिंग,स्कैनिंग
scanning,स्कैनिंग,स्कैनिंग
squash,स्क्वाश,स्क्वाश
squash,स्क्वैश,स्क्वाश
skhalan,स्खलन,स्खालन
stain,स्टैन,स्टैन
stan,स्टैन,स्टन
stop,स्टॉप,स्टॉप
stops,स्टॉप्स,स्टॉप्स
stone,स्टोन,स्टोन
straws,स्ट्रास,स्ट्रास
stress,स्ट्रास,स्ट्रेस
stra,स्ट्रे,स्त्रा
stray,स्ट्रे,स्ट्रे
stre,स्ट्रे,स्ट्रे
strocks,स्ट्रोक्स,स्ट्रॉक्स
strokes,स्ट्रोक्स,स्ट्रोक्स
stan,स्तन,स्टन
stanadhari,स्तनधारी,स्तनाधारी
standhaari,स्तनधारी,स्तंधारी
standhari,स्तनधारी,स्तंधारी
sthiti,स्तिथि,स्थिति
stithi,स्तिथि,स्तीथि
stuti,स्तुति,स्तुति
sthitiyaan,स्थितियां,स्थितियां
sthitiyan,स्थितियां,स्थितियां
sthitiyon,स्थितियों,स्थितियों
sthool,स्थूल,स्थूल
sthul,स्थूल,स्थल
sthoolta,स्थूलता,स्थूलता
sthulata,स्थूलता,स्थुलता
sneakers,स्नीकर्स,स्नीकर्स
snickers,स्नीकर्स,स्निकर्स
snikarse,स्नीकर्स,स्निकर्स
spear,स्पीयर,स्पीर
spell,स्पेल,स्पेल
spelar,स्पेलर,स्पेलर
speller,स्पेलर,स्पेलरर
sprint,स्प्रिट,स्प्रिंट
sprit,स्प्रिट,स्प्रिट
spray,स्प्रे,स्प्रे
spry,स्प्रे,स्प्रीी
sfoorti,स्फूर्ति,स्फूर्ति
sfurti,स्फूर्ति,स्फूर्ति
sphoorti,स्फूर्ति,स्फूर्ति
slide,स्लाइड,स्लाइड
slider,स्लाइडर,स्लाइडरर
slaaidon,स्लाइडों,स्लाइडों
slidon,स्लाइडों,स्लीडों
sliders,स्लाइड्स,स्लाइडर्स
slides,स्लाइड्स,स्लाइड्स
slice,स्लाइस,स्लाइस
slash,स्लैश,स्लाश
swaroopon,स्वरुपों,स्वरूपों
swarupon,स्वरुपों,स्वरूपों
swa,स्वा,स्वा
swaachaalit,स्वाचालित,स्वाचालित
swachalit,स्वाचालित,स्वचलित
swaarthparak,स्वार्थपरक,स्वार्थपारक
swarthparak,स्वार्थपरक,स्वर्थपारक
swiftlate,स्विफ्टलेट,स्विफ्टलेट
swiftlet,स्विफ्टलेट,स्विफ्टलेट
sweekarte,स्वीकारते,स्वीकारते
swikarte,स्वीकारते,स्वीकारते
sweet,स्वीट,स्वीत
sweep,स्वीप,स्वीप
sweccha,स्वेच्छा,स्वेच्छा
swecha,स्वेच्छा,स्वेचा
swechha,स्वेच्छा,स्वेच्छा
sweta,स्वेता,स्वेता
swap,स्वैप,स्वप
swipe,स्वैप,स्वीपे
handiya,हंडिया,हंडडिया
handiyaa,हंडिया,हंडिया
hundiya,हंडिया,हंडडिया
hakikat,हकीकत,हकीकत
haqeeqat,हकीकत,हकीकत
hathiya,हथिया,हथिया
hamala,हमला,हमाला
hamla,हमला,हमला
hamalavar,हमलावर,हमालवार
hamlavar,हमलावर,हमलावार
humlavar,हमलावर,हमलावार
hamaal,हमाल,हमाल
hamal,हमाल,हमाल
hercules,हरक्यूलिस,हेरकल्स
hardas,हरदास,हरदास
harpaal,हरपाल,हरपाल
harpal,हरपाल,हरपाल
harvansh,हरवंश,हरवंशश
haraval,हरावल,हरावल
harawal,हरावल,हरावल
hurricane,हरिकेन,हररीकने
harijan,हरिजन,हरीजन
hariyali,हरियाली,हरीयली
harshit,हर्षित,हर्शित
haldi,हल्दी,हल्दी
halla,हल्ला,हललला
hawamahal,हवामहल,हवामाल
hawalaat,हवालात,हवालत
hawalat,हवालात,हवालत
hasino,हसीनों,हासिनो
hasinon,हसीनों,हासिनों
haan,हां,हान
han,हां,हान
haanfte,हांफते,हानफते
hafate,हांफते,हफाते
hanfte,हांफते,हनफ्टे
higman,हाइमन,हिगमान
hymen,हाइमन,ह्मेन
hadauti,हाड़ौती,हडौती
haani,हानी,हानीीी
hani,हानी,हानीीीी
haarjeet,हारजीत,हारजीत
harjeet,हारजीत,हरजीत
haaranaa,हारना,हारना
harana,हारना,हरनाा
harna,हारना,हरनाा
haalchaal,हालचाल,हालचाल
haalchal,हालचाल,हालचल
halchaal,हालचाल,हलचाल
halchal,हालचाल,हलचल
halt,हाल्ट,हालत
hault,हाल्ट,हॉल्ट
hahakar,हाहाकार,हहकरर
hingis,हिंगिस,हिंगिस
hindan,हिंडन,हिंडन
hindon,हिंडन,हिंडों
hijada,हिजड़ा,हिजड़ा
hijda,हिजड़ा,हिजड़ा
hijbul,हिजबुल,हिजबुल
hippo,हिप्पो,हिप्पोो
hippopotamus,हिप्पोपोटेमस,हिपपपोोसमुस
himali,हिमाली,हिमाली
hilane,हिलने,हिलाने
hilne,हिलने,हिलने
hisham,हिशाम,हिशम
heeraganj,हीरागंज,हीरागंज
hiraganj,हीरागंज,हिरागंज
heroes,हीरोज,हेरोजस
heros,हीरोज,हेरोस
hui,हुईं,हुईईईईई
huin,हुईं,हुइन
hooper,हूपर,हूपर
huppar,हूपर,हुपपपार
hupper,हूपर,हपपपर
hegde,हेगडे,हेगड़े
hemvati,हेमवती,हेमवती
hemwati,हेमवती,हेमवाती
help,हेल्प,हेल्प
helper,हेल्पर,हेलपपरर
haito,हैतो,हैटो
hairam,हैरम,हैरम
harem,हैरम,हरेम
herald,हैराल्ड,हेराल्ड
haive,हैव,हैवे
have,हैव,हेवे
hong,हॉन्ग,होंग
half,हॉफ,हाल्फ
hoaf,हॉफ,होफ
hounga,होऊंगा,होंगा
holding,होल्डिंग,होल्डिंग
hoshangabaad,होशंगाबाद,होशंगादादा
hoshangabad,होशंगाबाद,होशंगाबाद
hostes,होस्टेस,होस्टेस
hostess,होस्टेस,होस्टेस
